report_id,cluster_id,text,language,category,ward_code,lat,lon,location_text,created_at,status,resolved_at,severity,hazard_flags,has_photo,contains_pii,split
SYN00401,S225,"हडपसर मध्ये पथदिवा आठवडाभरापासून बंद आहे, शाळेच्या अगदी जवळ",mr,streetlight,W07,18.527166,73.940842,opposite Hadapsar temple,2026-08-27T16:06:40.032486+00:00,resolved,2026-08-28T15:19:26.866392+00:00,3,near_school,0,0,train
SYN00066,S024,"A large tree branch in Warje is about to fall, right next to the school, it has been like this for two weeks",en,tree_fall_hazard,W04,18.477517,73.781278,near Warje market,2026-08-27T22:26:06.161634+00:00,open,,3,near_school,0,0,test
SYN00194,S282,"येरवडा शाळा येथे तीन दिवसांपासून पाणी येत नाही, कृपया लवकर दुरुस्त करा",mr,water_supply,W08,18.552328,73.887528,opposite Yerawada school,2026-08-28T05:53:33.973024+00:00,open,,4,,0,0,train
SYN00423,S214,"Garbage has not been collected at Hinjewadi temple for several days, it has been like this for two weeks",en,garbage_waste,W12,18.598524,73.718225,at Hinjewadi temple,2026-08-28T10:35:41.966710+00:00,resolved,2026-08-30T19:31:07.474678+00:00,3,,0,0,train
SYN00260,S145,"कात्रज शाळा येथे पथदिवा आठवडाभरापासून बंद आहे, उघडी वीज तार लोंबकळत आहे",mr,streetlight,W05,18.456624,73.842193,opposite Katraj school,2026-08-28T10:59:51.937662+00:00,open,,5,live_wire,1,0,train
SYN00403,S069,"There has been no water supply near Warje petrol pump for three days, mosquitoes and disease are spreading, it has been like this for two weeks",en,water_supply,W04,18.482327,73.806754,opposite Warje petrol pump,2026-08-28T14:11:31.419540+00:00,open,,3,health_risk,0,0,train
SYN00397,S032,"येरवडा मंडई जवळ फेरीवाल्यांनी पदपथावर अतिक्रमण केले आहे, दोन अपघात झाले आहेत, कृपया लवकर दुरुस्त करा",mr,encroachment_illegal_parking,W08,18.52496,73.879645,near Yerawada market,2026-08-28T19:48:33.795576+00:00,open,,4,accident_risk,0,0,train
SYN00175,S167,"Kothrud me street light ek hafte se band hai, do accident ho chuke hain, ye bahut khatarnak hai",hinglish,streetlight,W03,18.498987,73.80266,in Kothrud,2026-08-28T19:54:06.635178+00:00,open,,4,accident_risk,0,0,train
SYN00223,S122,"कोथरूड शाळा जवळ कित्येक दिवसांपासून कचरा उचलला नाही, रुग्णालयाच्या बाहेरच, दोन आठवड्यांपासून असेच आहे मला resident98667@example.com वर संपर्क करा.",mr,garbage_waste,W03,18.49849,73.814368,in Kothrud,2026-08-29T00:56:37.815869+00:00,resolved,2026-08-31T10:41:08.877644+00:00,2,near_hospital,1,1,train
SYN00301,S005,"स्वारगेट डेअरी के सामने फेरीवालों ने फुटपाथ पर कब्जा कर लिया है, दो हादसे हो चुके हैं मुझसे resident17596@example.com पर संपर्क करें।",hi,encroachment_illegal_parking,W02,18.481891,73.871276,in Swargate,2026-08-29T01:59:22.900834+00:00,resolved,2026-08-30T20:52:17.995348+00:00,4,accident_risk,0,1,train
SYN00051,S062,"The public toilet in Hadapsar has been locked for weeks, it has been like this for two weeks",en,other,W07,18.510773,73.93224,at Hadapsar temple,2026-08-29T03:09:51.952136+00:00,open,,4,,1,0,test
SYN00193,S133,"स्वारगेट पेट्रोल पंप के सामने तीन दिन से पानी नहीं आ रहा, मच्छर और बीमारी फैल रही है, अस्पताल के ठीक बाहर",hi,water_supply,W02,18.511493,73.855614,opposite Swargate petrol pump,2026-08-29T04:54:20.035585+00:00,resolved,2026-08-31T10:08:48.852846+00:00,3,health_risk|near_hospital,0,0,train
SYN00164,S239,"कोथरूड पेट्रोल पंप के सामने नाली पूरी तरह जाम है और बह रही है, मच्छर और बीमारी फैल रही है, स्कूल के बिल्कुल पास, कृपया जल्दी ठीक कराइए",hi,drainage_sewage,W03,18.509365,73.790506,in Kothrud,2026-08-29T07:05:38.846177+00:00,resolved,2026-08-31T02:15:53.609992+00:00,3,health_risk|near_school,0,0,train
SYN00034,C002,"कोंढवा शाळा समोर पथदिवा आठवडाभरापासून बंद आहे, शाळेच्या अगदी जवळ, हे खूप धोकादायक आहे",mr,streetlight,W06,18.460128,73.890899,at Kondhwa school,2026-08-29T07:20:16.584906+00:00,resolved,2026-08-31T20:09:38.114908+00:00,3,near_school,0,0,test
SYN00251,S070,"वाकड में स्ट्रीट लाइट एक हफ्ते से बंद है, स्कूल के बिल्कुल पास",hi,streetlight,W11,18.598011,73.791062,near Wakad dairy,2026-08-29T13:25:41.853527+00:00,resolved,2026-08-31T04:15:04.923370+00:00,3,near_school,0,0,train
SYN00250,S052,हडपसर सोसायटी जवळ पथदिवा आठवडाभरापासून बंद आहे,mr,streetlight,W07,18.488891,73.914939,in Hadapsar,2026-08-29T13:55:03.111487+00:00,open,,3,,0,0,train
SYN00337,S134,"कोथरूड सोसायटी येथे रस्त्यावर मोठा खड्डा आहे, शाळेच्या अगदी जवळ गाडी MH12ZG9502.",mr,pothole_road,W03,18.510336,73.801461,near Kothrud society,2026-08-29T15:08:17.258077+00:00,open,,3,near_school,0,1,train
SYN00085,C020,"कोंढवा उद्यान के पास सड़क पर बड़ा गड्ढा है, स्कूल के बिल्कुल पास, दो हफ्ते से ऐसा ही है",hi,pothole_road,W06,18.466534,73.884405,at Kondhwa garden,2026-08-29T15:51:11.171882+00:00,resolved,2026-09-03T11:02:06.921085+00:00,3,near_school,0,0,test
SYN00018,S271,"स्वारगेट सोसायटी येथे तीन दिवसांपासून पाणी येत नाही, हे खूप धोकादायक आहे",mr,water_supply,W02,18.501996,73.858567,opposite Swargate society,2026-08-29T17:45:01.958572+00:00,resolved,2026-08-30T19:48:53.168659+00:00,3,,1,0,test
SYN00035,C002,"कोंढवा में रात में पूरा अंधेरा रहता है, लाइट नहीं जलती, स्कूल के बिल्कुल पास",hi,streetlight,W06,18.460583,73.89105,near Kondhwa school,2026-08-29T19:03:23.422478+00:00,resolved,2026-08-31T20:09:38.114908+00:00,3,near_school,0,0,test
SYN00089,C020,"There is a big pothole on the road in Kondhwa, right next to the school, please fix it urgently",en,pothole_road,W06,18.466357,73.884557,at Kondhwa garden,2026-08-29T19:49:41.833064+00:00,resolved,2026-09-03T11:02:06.921085+00:00,3,near_school,0,0,test
SYN00157,S106,"हडपसर में सड़क पर बड़ा गड्ढा है, स्कूल के बिल्कुल पास, दो हादसे हो चुके हैं, कृपया जल्दी ठीक कराइए",hi,pothole_road,W07,18.510016,73.922222,near Hadapsar temple,2026-08-30T03:26:41.029987+00:00,resolved,2026-08-31T16:06:18.815257+00:00,4,near_school|accident_risk,0,0,train
SYN00139,S092,"Wakad garden ke paas kai din se kachra nahi uthaya, school ke bilkul paas, kripya jaldi theek karo",hinglish,garbage_waste,W11,18.592836,73.769659,opposite Wakad garden,2026-08-30T07:16:10.733023+00:00,resolved,2026-08-31T05:57:32.733409+00:00,3,near_school,1,0,train
SYN00192,S246,औंध पूल जवळ सार्वजनिक शौचालय कित्येक आठवडे बंद आहे,mr,other,W09,18.567665,73.79718,near Aundh bridge,2026-08-30T08:22:31.148366+00:00,open,,4,,1,0,train
SYN00375,S112,"स्वारगेट मध्ये गटार पूर्ण तुंबले आहे आणि वाहत आहे, शाळेच्या अगदी जवळ, दोन आठवड्यांपासून असेच आहे",mr,drainage_sewage,W02,18.504821,73.873528,at Swargate school,2026-08-30T08:53:09.489848+00:00,open,,3,near_school,0,0,train
SYN00424,S259,"Hadapsar mandir ke paas road pe bada gaddha hai, do accident ho chuke hain, school ke bilkul paas, ye bahut khatarnak hai Mera number 9822011873 hai.",hinglish,pothole_road,W07,18.513595,73.946206,in Hadapsar,2026-08-30T10:29:17.545346+00:00,resolved,2026-08-31T05:07:59.748804+00:00,4,accident_risk|near_school,1,1,train
SYN00342,S018,"कोथरूड मार्केट के सामने फेरीवालों ने फुटपाथ पर कब्जा कर लिया है, दो हादसे हो चुके हैं, दो हफ्ते से ऐसा ही है",hi,encroachment_illegal_parking,W03,18.500007,73.801929,at Kothrud market,2026-08-30T10:37:00.706811+00:00,resolved,2026-09-01T18:52:05.355919+00:00,4,accident_risk,0,0,train
SYN00058,S011,"Wakad me nali puri jam hai aur overflow ho rahi hai, machhar aur bimari fail rahi hai, ye bahut khatarnak hai",hinglish,drainage_sewage,W11,18.598115,73.796285,in Wakad,2026-08-30T13:31:24.190160+00:00,resolved,2026-09-01T17:00:03.352996+00:00,3,health_risk,0,0,test
SYN00097,S044,"स्वारगेट शाळा जवळ कित्येक दिवसांपासून कचरा उचलला नाही, डास आणि आजार पसरत आहेत, कृपया लवकर दुरुस्त करा",mr,garbage_waste,W02,18.491234,73.862059,at Swargate school,2026-08-30T13:37:58.298339+00:00,open,,3,health_risk,0,0,train
SYN00054,S197,"हडपसर डेअरी येथे पथदिवा आठवडाभरापासून बंद आहे, शाळेच्या अगदी जवळ, कृपया लवकर दुरुस्त करा",mr,streetlight,W07,18.518391,73.929346,opposite Hadapsar dairy,2026-08-30T17:09:59.902451+00:00,resolved,2026-09-01T13:57:57.578517+00:00,3,near_school,1,0,test
SYN00067,S022,"हडपसर में कई दिनों से कचरा नहीं उठाया गया, मच्छर और बीमारी फैल रही है, दो हफ्ते से ऐसा ही है",hi,garbage_waste,W07,18.493723,73.908843,at Hadapsar school,2026-08-30T19:50:07.198852+00:00,resolved,2026-09-01T20:23:05.775453+00:00,2,health_risk,0,0,test
SYN00064,S078,"कोथरूड चौक जवळ भटक्या कुत्र्यांचा कळप मुलांच्या मागे धावतो, हे खूप धोकादायक आहे",mr,stray_animals,W03,18.521511,73.829939,in Kothrud,2026-08-30T22:01:08.366835+00:00,resolved,2026-09-01T17:53:07.846835+00:00,3,,1,0,test
SYN00087,C020,"Kondhwa garden pe rasta puri tarah tut gaya hai, school ke bilkul paas, do hafte se aisa hi hai",hinglish,pothole_road,W06,18.466561,73.883938,near Kondhwa garden,2026-08-30T22:08:33.921719+00:00,resolved,2026-09-03T11:02:06.921085+00:00,3,near_school,0,0,test
SYN00389,C035,"कोंढवा में फेरीवालों ने फुटपाथ पर कब्जा कर लिया है, दो हादसे हो चुके हैं, कृपया जल्दी ठीक कराइए",hi,encroachment_illegal_parking,W06,18.4631,73.909841,at Kondhwa market,2026-08-31T00:44:46.732132+00:00,open,,4,accident_risk,0,0,train
SYN00013,S025,"A pack of stray dogs near Shivajinagar bridge is chasing children, right next to the school, mosquitoes and disease are spreading, please fix it urgently",en,stray_animals,W01,18.530867,73.846769,at Shivajinagar bridge,2026-08-31T04:08:09.103573+00:00,resolved,2026-09-02T13:36:04.143669+00:00,3,near_school|health_risk,0,0,test
SYN00360,S109,"There is a big pothole on the road opposite Swargate garden, two accidents have already happened, right next to the school",en,pothole_road,W02,18.520342,73.859261,opposite Swargate garden,2026-08-31T08:17:31.610922+00:00,open,,4,accident_risk|near_school,0,0,train
SYN00393,C035,"Hawkers have encroached the footpath in Kondhwa, two accidents have already happened, this is very dangerous",en,encroachment_illegal_parking,W06,18.463172,73.910163,near Kondhwa market,2026-08-31T09:40:38.853959+00:00,open,,4,accident_risk,0,0,train
SYN00172,C001,"औंध डेअरी जवळ फेरीवाल्यांनी पदपथावर अतिक्रमण केले आहे, हे खूप धोकादायक आहे",mr,encroachment_illegal_parking,W09,18.560929,73.813214,near Aundh dairy,2026-08-31T10:03:21.809472+00:00,resolved,2026-09-01T12:49:35.995247+00:00,3,,0,0,train
SYN00415,S265,"There is a big pothole on the road at Hinjewadi dairy, right next to the school, please fix it urgently",en,pothole_road,W12,18.61351,73.743282,at Hinjewadi dairy,2026-08-31T14:57:22.805191+00:00,open,,2,near_school,1,0,train
SYN00199,S096,हिंजवडी उद्यान जवळ रस्त्यावर मोठा खड्डा आहे,mr,pothole_road,W12,18.594531,73.713238,in Hinjewadi,2026-08-31T16:22:45.074115+00:00,open,,3,,1,0,train
SYN00395,S120,"बाणेर उद्यान जवळ पथदिवा आठवडाभरापासून बंद आहे, उघडी वीज तार लोंबकळत आहे",mr,streetlight,W10,18.561606,73.785662,opposite Baner garden,2026-08-31T16:39:10.151084+00:00,resolved,2026-09-02T08:17:52.642624+00:00,5,live_wire,0,0,train
SYN00075,S253,"वारजे मध्ये पथदिवा आठवडाभरापासून बंद आहे, उघडी वीज तार लोंबकळत आहे, शाळेच्या अगदी जवळ, दोन आठवड्यांपासून असेच आहे",mr,streetlight,W04,18.469153,73.803407,in Warje,2026-08-31T17:36:53.073751+00:00,open,,5,live_wire|near_school,0,0,test
SYN00017,S054,"येरवडा सोसायटी जवळ गटार पूर्ण तुंबले आहे आणि वाहत आहे, मॅनहोलचे झाकण नाही, हे खूप धोकादायक आहे",mr,drainage_sewage,W08,18.53454,73.897854,near Yerawada society,2026-08-31T22:11:54.133373+00:00,open,,5,open_manhole,0,0,test
SYN00086,C020,"कोंढवा मध्ये खोल खड्डा आहे, दुचाकी घसरत आहेत, शाळेच्या अगदी जवळ, दोन आठवड्यांपासून असेच आहे",mr,pothole_road,W06,18.46643,73.88436,in Kondhwa,2026-08-31T22:26:35.463294+00:00,resolved,2026-09-03T11:02:06.921085+00:00,3,near_school,0,0,test
SYN00215,S237,"बाणेर मंडई समोर कित्येक दिवसांपासून कचरा उचलला नाही, रुग्णालयाच्या बाहेरच, डास आणि आजार पसरत आहेत, हे खूप धोकादायक आहे",mr,garbage_waste,W10,18.5713,73.761448,at Baner market,2026-08-31T22:30:00.464454+00:00,resolved,2026-09-02T07:01:56.660260+00:00,4,near_hospital|health_risk,0,0,train
SYN00110,S066,"हिंजवडी बस थांबा समोर रस्त्यावर मोठा खड्डा आहे, कित्येक दिवस पाणी साचले आहे गाडी MH12UB3305.",mr,pothole_road,W12,18.583596,73.749964,opposite Hinjewadi bus stop,2026-09-01T03:26:37.485415+00:00,resolved,2026-09-03T11:14:13.832771+00:00,4,flooding,0,1,train
SYN00372,S244,"There has been no water supply opposite Katraj petrol pump for three days, mosquitoes and disease are spreading, this is very dangerous",en,water_supply,W05,18.451777,73.867979,in Katraj,2026-09-01T03:31:36.096409+00:00,open,,4,health_risk,0,0,train
SYN00391,C035,"A shop opposite Kondhwa market has extended onto the pavement, two accidents have already happened",en,encroachment_illegal_parking,W06,18.46316,73.910223,in Kondhwa,2026-09-01T06:30:48.191537+00:00,open,,4,accident_risk,0,0,train
SYN00369,S248,"Katraj me teen din se paani nahi aa raha, machhar aur bimari fail rahi hai",hinglish,water_supply,W05,18.458868,73.863751,opposite Katraj society,2026-09-01T08:39:21.890200+00:00,resolved,2026-09-01T17:25:36.497398+00:00,3,health_risk,0,0,train
SYN00430,S037,"वारजे पेट्रोल पंप पर सड़क पर बड़ा गड्ढा है, स्कूल के बिल्कुल पास, कई दिनों से पानी भरा है, दो हफ्ते से ऐसा ही है",hi,pothole_road,W04,18.481941,73.812807,in Warje,2026-09-01T10:33:05.908114+00:00,open,,4,near_school|flooding,0,0,train
SYN00168,S143,"कोंढवा चौक येथे रस्त्यावर मोठा खड्डा आहे, दोन आठवड्यांपासून असेच आहे",mr,pothole_road,W06,18.484259,73.894015,opposite Kondhwa chowk,2026-09-01T13:05:27.210002+00:00,open,,3,,0,0,train
SYN00361,S017,"येरवडा पूल येथे रस्त्यावर मोठा खड्डा आहे, कित्येक दिवस पाणी साचले आहे",mr,pothole_road,W08,18.543262,73.892931,opposite Yerawada bridge,2026-09-01T15:10:25.117607+00:00,resolved,2026-09-07T00:13:45.516231+00:00,4,flooding,0,0,train
SYN00125,S118,"A pack of stray dogs at Hadapsar chowk is chasing children, right next to the school, two accidents have already happened",en,stray_animals,W07,18.508758,73.930507,at Hadapsar chowk,2026-09-01T20:26:30.682965+00:00,resolved,2026-09-02T09:58:05.741981+00:00,4,near_school|accident_risk,0,0,train
SYN00280,S108,"Warje school ke paas nali puri jam hai aur overflow ho rahi hai, manhole ka dhakkan gayab hai, kripya jaldi theek karo",hinglish,drainage_sewage,W04,18.475815,73.805473,at Warje school,2026-09-01T20:51:38.420816+00:00,resolved,2026-09-02T17:12:15.545368+00:00,5,open_manhole,0,0,train
SYN00365,C027,"The drain in Wakad is completely blocked and overflowing, mosquitoes and disease are spreading, water has been logged for days",en,drainage_sewage,W11,18.595247,73.786236,opposite Wakad dairy,2026-09-01T21:38:43.111112+00:00,open,,4,health_risk|flooding,0,0,train
SYN00131,C019,"There has been no water supply opposite Swargate bus stop for three days, mosquitoes and disease are spreading, just outside the hospital, this is very dangerous",en,water_supply,W02,18.483001,73.848737,at Swargate bus stop,2026-09-02T03:05:19.675242+00:00,resolved,2026-09-04T14:54:02.500042+00:00,3,health_risk|near_hospital,0,0,train
SYN00109,S193,"There has been no water supply at Swargate chowk for three days, mosquitoes and disease are spreading, just outside the hospital, it has been like this for two weeks",en,water_supply,W02,18.512917,73.840765,in Swargate,2026-09-02T04:47:24.922402+00:00,open,,2,health_risk|near_hospital,1,0,train
SYN00173,C001,Aundh dairy pe illegal parking se pura rasta band hai,hinglish,encroachment_illegal_parking,W09,18.560859,73.813376,at Aundh dairy,2026-09-02T07:05:01.929902+00:00,resolved,2026-09-01T12:49:35.995247+00:00,3,,0,0,train
SYN00152,C022,"बाणेर में सार्वजनिक शौचालय हफ्तों से बंद है, दो हफ्ते से ऐसा ही है",hi,other,W10,18.557106,73.79275,in Baner,2026-09-02T08:00:05.149996+00:00,resolved,2026-09-04T19:03:57.857795+00:00,3,,0,0,train
SYN00036,C002,"Streetlight pole in Kondhwa is off, unsafe for women, right next to the school, this is very dangerous",en,streetlight,W06,18.460204,73.890806,opposite Kondhwa school,2026-09-02T13:18:22.508465+00:00,resolved,2026-08-31T20:09:38.114908+00:00,3,near_school,1,0,test
SYN00418,C031,"येरवडा में आवारा कुत्तों का झुंड बच्चों के पीछे भागता है, कृपया जल्दी ठीक कराइए",hi,stray_animals,W08,18.551083,73.892802,at Yerawada bridge,2026-09-02T14:53:37.400038+00:00,open,,3,,0,0,train
SYN00366,C027,"वाकड डेअरी पर मैनहोल का ढक्कन नहीं है, बहुत खतरनाक है, मच्छर और बीमारी फैल रही है, कई दिनों से पानी भरा है, यह बहुत खतरनाक है",hi,drainage_sewage,W11,18.595043,73.786334,opposite Wakad dairy,2026-09-02T15:08:24.244351+00:00,open,,4,health_risk|flooding,1,0,train
SYN00390,C035,"कोंढवा मंडई समोर बेकायदा पार्किंगमुळे रस्ता अडला आहे, दोन अपघात झाले आहेत, कृपया लवकर दुरुस्त करा",mr,encroachment_illegal_parking,W06,18.463148,73.910414,opposite Kondhwa market,2026-09-02T16:28:42.412273+00:00,open,,4,accident_risk,1,0,train
SYN00069,S071,Hinjewadi chowk pe road pe bada gaddha hai,hinglish,pothole_road,W12,18.595033,73.738778,at Hinjewadi chowk,2026-09-02T18:30:57.091836+00:00,open,,3,,1,0,test
SYN00055,C012,"हडपसर बस स्टॉप पर सड़क पर बड़ा गड्ढा है, कई दिनों से पानी भरा है, कृपया जल्दी ठीक कराइए",hi,pothole_road,W07,18.488741,73.929863,in Hadapsar,2026-09-02T18:32:24.577289+00:00,resolved,2026-09-03T18:11:09.541025+00:00,4,flooding,0,0,test
SYN00088,C020,"Huge crater on the road near Kondhwa garden, nobody has repaired it, right next to the school, this is very dangerous",en,pothole_road,W06,18.466322,73.884644,at Kondhwa garden,2026-09-02T21:31:04.282847+00:00,resolved,2026-09-03T11:02:06.921085+00:00,3,near_school,0,0,test
SYN00171,S234,"The streetlight in Wakad has not been working for a week, right next to the school, two accidents have already happened",en,streetlight,W11,18.617018,73.794965,opposite Wakad temple,2026-09-02T22:06:00.252095+00:00,resolved,2026-09-04T19:48:06.746188+00:00,4,near_school|accident_risk,1,0,train
SYN00153,C022,"The bus shelter opposite Baner society is broken and unusable, please fix it urgently",en,other,W10,18.557012,73.792466,near Baner society,2026-09-03T01:05:17.341872+00:00,resolved,2026-09-04T19:03:57.857795+00:00,3,,0,0,train
SYN00416,S172,"बाणेर चौक समोर तीन दिवसांपासून पाणी येत नाही, दोन आठवड्यांपासून असेच आहे",mr,water_supply,W10,18.55621,73.795329,in Baner,2026-09-03T03:04:52.632852+00:00,resolved,2026-09-05T11:19:29.648911+00:00,3,,0,0,train
SYN00090,C020,"Kondhwa garden ke paas gehra gaddha hai, gaadi girti hai, school ke bilkul paas, ye bahut khatarnak hai",hinglish,pothole_road,W06,18.466412,73.884323,at Kondhwa garden,2026-09-03T04:47:41.398226+00:00,resolved,2026-09-03T11:02:06.921085+00:00,3,near_school,0,0,test
SYN00278,S243,"वाकड में फेरीवालों ने फुटपाथ पर कब्जा कर लिया है, दो हादसे हो चुके हैं, दो हफ्ते से ऐसा ही है",hi,encroachment_illegal_parking,W11,18.587092,73.79288,near Wakad bus stop,2026-09-03T09:12:16.683128+00:00,open,,4,accident_risk,0,0,train
SYN00037,S230,"बाणेर पुल पर कई दिनों से कचरा नहीं उठाया गया, मच्छर और बीमारी फैल रही है, दो हफ्ते से ऐसा ही है",hi,garbage_waste,W10,18.559228,73.791653,opposite Baner bridge,2026-09-03T10:03:53.029251+00:00,resolved,2026-09-04T02:12:40.635814+00:00,3,health_risk,0,0,test
SYN00296,S038,वारजे पेट्रोल पंप समोर सार्वजनिक शौचालय कित्येक आठवडे बंद आहे,mr,other,W04,18.47392,73.803437,near Warje petrol pump,2026-09-03T12:38:08.769553+00:00,resolved,2026-09-04T01:28:10.395481+00:00,2,,0,0,train
SYN00371,S158,"There has been no water supply in Katraj for three days, just outside the hospital, mosquitoes and disease are spreading, it has been like this for two weeks",en,water_supply,W05,18.470554,73.863232,opposite Katraj dairy,2026-09-03T16:43:18.831882+00:00,resolved,2026-09-05T12:11:33.153565+00:00,3,near_hospital|health_risk,0,0,train
SYN00174,S153,"Kothrud me road pe bada gaddha hai, ye bahut khatarnak hai",hinglish,pothole_road,W03,18.507394,73.809275,near Kothrud bridge,2026-09-03T17:03:15.850462+00:00,resolved,2026-09-05T01:19:12.337797+00:00,3,,0,0,train
SYN00257,S216,"कात्रज शाळा येथे कित्येक दिवसांपासून कचरा उचलला नाही, डास आणि आजार पसरत आहेत, रुग्णालयाच्या बाहेरच",mr,garbage_waste,W05,18.451106,73.841392,opposite Katraj school,2026-09-03T19:15:22.346397+00:00,resolved,2026-09-04T09:12:50.137180+00:00,3,health_risk|near_hospital,0,0,train
SYN00410,C013,"Hawkers have encroached the footpath opposite Swargate dairy, two accidents have already happened",en,encroachment_illegal_parking,W02,18.493162,73.86911,near Swargate dairy,2026-09-03T19:47:06.470574+00:00,resolved,2026-09-04T18:00:10.186771+00:00,4,accident_risk,0,0,train
SYN00353,S207,"वाकड पेट्रोल पंप येथे रस्त्यावर मोठा खड्डा आहे, कृपया लवकर दुरुस्त करा",mr,pothole_road,W11,18.614133,73.791498,near Wakad petrol pump,2026-09-03T21:22:44.403128+00:00,resolved,2026-09-05T04:59:54.078073+00:00,3,,0,0,train
SYN00221,S136,"औंध पूल समोर कित्येक दिवसांपासून कचरा उचलला नाही, हे खूप धोकादायक आहे",mr,garbage_waste,W09,18.557924,73.811129,near Aundh bridge,2026-09-03T23:29:34.799656+00:00,resolved,2026-09-05T15:44:56.955181+00:00,3,,0,0,train
SYN00127,S254,"हडपसर पेट्रोल पंप पर तीन दिन से पानी नहीं आ रहा, अस्पताल के ठीक बाहर, मच्छर और बीमारी फैल रही है, दो हफ्ते से ऐसा ही है मुझसे resident88918@example.com पर संपर्क करें।",hi,water_supply,W07,18.508708,73.927901,in Hadapsar,2026-09-04T00:09:22.397996+00:00,resolved,2026-09-04T20:43:21.131900+00:00,4,near_hospital|health_risk,0,1,train
SYN00155,S003,"Kothrud school pe road pe bada gaddha hai, do accident ho chuke hain, do hafte se aisa hi hai",hinglish,pothole_road,W03,18.524451,73.791912,at Kothrud school,2026-09-04T01:10:34.150362+00:00,open,,4,accident_risk,0,0,train
SYN00056,C012,"Hadapsar me gehra gaddha hai, gaadi girti hai, kai din se paani bhara hai, ye bahut khatarnak hai",hinglish,pothole_road,W07,18.488693,73.930414,at Hadapsar bus stop,2026-09-04T01:18:15.799120+00:00,resolved,2026-09-03T18:11:09.541025+00:00,4,flooding,0,0,test
SYN00252,C000,स्वारगेट में सड़क पर बड़ा गड्ढा है,hi,pothole_road,W02,18.493921,73.853761,near Swargate bridge,2026-09-04T02:21:17.100686+00:00,open,,3,,0,0,train
SYN00243,S099,"येरवडा मध्ये तीन दिवसांपासून पाणी येत नाही, रुग्णालयाच्या बाहेरच, दोन आठवड्यांपासून असेच आहे",mr,water_supply,W08,18.544137,73.871134,opposite Yerawada petrol pump,2026-09-04T03:33:03.712518+00:00,resolved,2026-09-08T17:04:59.183518+00:00,3,near_hospital,0,0,train
SYN00328,S129,"There has been no water supply in Kondhwa for three days, mosquitoes and disease are spreading, please fix it urgently",en,water_supply,W06,18.467567,73.889389,near Kondhwa petrol pump,2026-09-04T05:54:03.306112+00:00,resolved,2026-09-11T21:44:32.540006+00:00,3,health_risk,0,0,train
SYN00247,C017,"औंध पूल समोर गटार पूर्ण तुंबले आहे आणि वाहत आहे, मॅनहोलचे झाकण नाही",mr,drainage_sewage,W09,18.558028,73.802368,at Aundh bridge,2026-09-04T06:08:23.467858+00:00,resolved,2026-09-04T20:58:41.686717+00:00,5,open_manhole,0,0,train
SYN00419,C031,Yerawada bridge ke paas awara jaanwar rasta rok rahe hain,hinglish,stray_animals,W08,18.551183,73.892856,at Yerawada bridge,2026-09-04T08:26:25.934649+00:00,open,,3,,0,0,train
SYN00338,S139,"कोंढवा में आवारा कुत्तों का झुंड बच्चों के पीछे भागता है, कृपया जल्दी ठीक कराइए गाड़ी MH12WG3465।",hi,stray_animals,W06,18.461309,73.897088,in Kondhwa,2026-09-04T09:36:41.281130+00:00,open,,3,,1,1,train
SYN00242,S173,"Katraj school pe teen din se paani nahi aa raha, hospital ke bahar hi",hinglish,water_supply,W05,18.456301,73.868987,at Katraj school,2026-09-04T14:04:32.970863+00:00,resolved,2026-09-05T18:50:50.550424+00:00,3,near_hospital,0,0,train
SYN00041,S194,"The streetlight near Kondhwa garden has not been working for a week, an open electric wire is hanging there, right next to the school, it has been like this for two weeks",en,streetlight,W06,18.457188,73.909267,at Kondhwa garden,2026-09-04T14:19:54.223301+00:00,open,,5,live_wire|near_school,0,0,test
SYN00326,S273,"There is a big pothole on the road near Yerawada market, water has been logged for days",en,pothole_road,W08,18.552662,73.873333,near Yerawada market,2026-09-04T14:22:40.048864+00:00,open,,4,flooding,0,0,train
SYN00021,S165,"हिंजवडी चौक समोर सार्वजनिक शौचालय कित्येक आठवडे बंद आहे, हे खूप धोकादायक आहे",mr,other,W12,18.5879,73.721068,in Hinjewadi,2026-09-04T14:36:07.328234+00:00,open,,3,,0,0,test
SYN00311,S159,"हिंजवडी मध्ये रस्त्यावर मोठा खड्डा आहे, दोन अपघात झाले आहेत, दोन आठवड्यांपासून असेच आहे",mr,pothole_road,W12,18.58317,73.765937,opposite Hinjewadi chowk,2026-09-04T16:04:04.792414+00:00,open,,4,accident_risk,0,0,train
SYN00057,C012,"हडपसर मध्ये रस्ता पूर्ण उखडला आहे, कित्येक दिवस पाणी साचले आहे",mr,pothole_road,W07,18.489107,73.930217,opposite Hadapsar bus stop,2026-09-04T16:12:18.134084+00:00,resolved,2026-09-03T18:11:09.541025+00:00,4,flooding,0,0,test
SYN00354,S260,"There is a big pothole on the road in Katraj, water has been logged for days, two accidents have already happened, it has been like this for two weeks",en,pothole_road,W05,18.464471,73.873245,at Katraj market,2026-09-04T19:32:00.924712+00:00,open,,4,flooding|accident_risk,0,0,train
SYN00132,C019,"स्वारगेट बस थांबा जवळ पाइपलाइनला गळती लागली आहे, डास आणि आजार पसरत आहेत, रुग्णालयाच्या बाहेरच, हे खूप धोकादायक आहे",mr,water_supply,W02,18.483307,73.848564,near Swargate bus stop,2026-09-04T21:05:44.973542+00:00,resolved,2026-09-04T14:54:02.500042+00:00,3,health_risk|near_hospital,0,0,train
SYN00413,S097,"हिंजवडी डेअरी जवळ रस्त्यावर मोठा खड्डा आहे, दोन अपघात झाले आहेत, हे खूप धोकादायक आहे",mr,pothole_road,W12,18.603131,73.734878,opposite Hinjewadi dairy,2026-09-04T22:08:47.322205+00:00,open,,4,accident_risk,1,0,train
SYN00074,S160,"Hinjewadi society ke saamne teen din se paani nahi aa raha, hospital ke bahar hi, ye bahut khatarnak hai",hinglish,water_supply,W12,18.589083,73.737336,at Hinjewadi society,2026-09-05T02:15:45.340006+00:00,resolved,2026-09-07T06:15:54.115322+00:00,3,near_hospital,0,0,test
SYN00362,S034,"हडपसर डेअरी येथे झाडाची मोठी फांदी पडण्याच्या बेतात आहे, शाळेच्या अगदी जवळ, कृपया लवकर दुरुस्त करा",mr,tree_fall_hazard,W07,18.513837,73.911834,at Hadapsar dairy,2026-09-05T05:13:12.352010+00:00,resolved,2026-09-07T15:08:07.303427+00:00,2,near_school,1,0,train
SYN00044,S191,"Swargate me kai din se kachra nahi uthaya, school ke bilkul paas, machhar aur bimari fail rahi hai",hinglish,garbage_waste,W02,18.502478,73.842266,near Swargate temple,2026-09-05T05:36:20.628950+00:00,resolved,2026-09-06T16:53:13.873132+00:00,4,near_school|health_risk,0,0,test
SYN00351,C007,"Garbage has not been collected at Kondhwa market for several days, this is very dangerous",en,garbage_waste,W06,18.457198,73.914916,near Kondhwa market,2026-09-05T06:39:09.619890+00:00,open,,3,,0,0,train
SYN00248,C017,"औंध में मैनहोल का ढक्कन नहीं है, बहुत खतरनाक है, मैनहोल का ढक्कन गायब है, यह बहुत खतरनाक है",hi,drainage_sewage,W09,18.557828,73.802366,near Aundh bridge,2026-09-05T09:31:15.450205+00:00,resolved,2026-09-04T20:58:41.686717+00:00,5,open_manhole,0,0,train
SYN00019,S236,"Hawkers have encroached the footpath near Kothrud market, two accidents have already happened, please fix it urgently",en,encroachment_illegal_parking,W03,18.498309,73.804758,opposite Kothrud market,2026-09-05T11:40:24.241312+00:00,resolved,2026-09-07T19:24:05.429437+00:00,4,accident_risk,0,0,test
SYN00420,C031,"येरवडा पूल येथे डुकरांमुळे आरोग्याचा धोका आहे, कृपया लवकर दुरुस्त करा",mr,stray_animals,W08,18.551794,73.8929,opposite Yerawada bridge,2026-09-05T14:16:28.151825+00:00,open,,3,,0,0,train
SYN00204,S115,"बाणेर मंडई येथे रस्त्यावर मोठा खड्डा आहे, कृपया लवकर दुरुस्त करा",mr,pothole_road,W10,18.575868,73.769768,at Baner market,2026-09-05T14:28:47.938008+00:00,open,,2,,0,0,train
SYN00249,C017,"Aundh bridge pe road pe gandha pani beh raha hai, manhole ka dhakkan gayab hai, do hafte se aisa hi hai",hinglish,drainage_sewage,W09,18.55836,73.80226,near Aundh bridge,2026-09-05T19:32:03.374800+00:00,resolved,2026-09-04T20:58:41.686717+00:00,5,open_manhole,0,0,train
SYN00209,S098,"There has been no water supply in Kothrud for three days, just outside the hospital",en,water_supply,W03,18.48943,73.799083,in Kothrud,2026-09-05T20:29:49.670946+00:00,open,,3,near_hospital,0,0,train
SYN00008,S058,"येरवडा मध्ये गटार पूर्ण तुंबले आहे आणि वाहत आहे, मॅनहोलचे झाकण नाही, शाळेच्या अगदी जवळ",mr,drainage_sewage,W08,18.560152,73.905737,at Yerawada bus stop,2026-09-05T21:19:34.452602+00:00,resolved,2026-09-09T10:36:08.835018+00:00,5,open_manhole|near_school,0,0,test
SYN00233,S026,"The streetlight opposite Swargate temple has not been working for a week, an open electric wire is hanging there, it has been like this for two weeks",en,streetlight,W02,18.51211,73.853538,in Swargate,2026-09-05T22:01:25.227506+00:00,open,,5,live_wire,0,0,train
SYN00306,C039,"औंध उद्यान येथे भटक्या कुत्र्यांचा कळप मुलांच्या मागे धावतो, दोन अपघात झाले आहेत, कृपया लवकर दुरुस्त करा",mr,stray_animals,W09,18.57095,73.795954,opposite Aundh garden,2026-09-05T22:08:14.984332+00:00,resolved,2026-09-08T08:44:54.647255+00:00,4,accident_risk,0,0,train
SYN00312,S074,"कोथरूड पुल के सामने कई दिनों से कचरा नहीं उठाया गया, कृपया जल्दी ठीक कराइए",hi,garbage_waste,W03,18.508812,73.810473,in Kothrud,2026-09-05T23:53:09.199392+00:00,open,,3,,0,0,train
SYN00235,S028,हडपसर में तीन दिन से पानी नहीं आ रहा,hi,water_supply,W07,18.507384,73.927746,opposite Hadapsar chowk,2026-09-06T04:22:47.767389+00:00,resolved,2026-09-07T04:07:14.754071+00:00,4,,0,0,train
SYN00043,S142,"Hawkers have encroached the footpath opposite Baner society, two accidents have already happened, it has been like this for two weeks",en,encroachment_illegal_parking,W10,18.565946,73.808692,opposite Baner society,2026-09-06T04:33:30.876480+00:00,resolved,2026-09-06T13:37:47.556176+00:00,4,accident_risk,0,0,test
SYN00147,S163,"The drain at Swargate society is completely blocked and overflowing, water has been logged for days, mosquitoes and disease are spreading",en,drainage_sewage,W02,18.493972,73.860688,opposite Swargate society,2026-09-06T06:33:08.668113+00:00,resolved,2026-09-07T08:52:13.585531+00:00,4,flooding|health_risk,0,0,train
SYN00178,S152,"औंध चौक येथे रस्त्यावर मोठा खड्डा आहे, शाळेच्या अगदी जवळ, कृपया लवकर दुरुस्त करा",mr,pothole_road,W09,18.551644,73.824789,at Aundh chowk,2026-09-06T06:48:31.495247+00:00,open,,2,near_school,0,0,train
SYN00336,S232,"कोथरूड शाळा समोर कित्येक दिवसांपासून कचरा उचलला नाही, डास आणि आजार पसरत आहेत, कृपया लवकर दुरुस्त करा",mr,garbage_waste,W03,18.499158,73.802345,at Kothrud school,2026-09-06T11:15:14.680935+00:00,open,,3,health_risk,0,0,train
SYN00295,S030,"बाणेर मध्ये गटार पूर्ण तुंबले आहे आणि वाहत आहे, दोन आठवड्यांपासून असेच आहे",mr,drainage_sewage,W10,18.557493,73.789255,opposite Baner dairy,2026-09-06T12:27:38.363629+00:00,open,,3,,0,0,train
SYN00142,S016,"औंध में सार्वजनिक शौचालय हफ्तों से बंद है, कृपया जल्दी ठीक कराइए",hi,other,W09,18.565039,73.822006,in Aundh,2026-09-06T15:08:51.447663+00:00,open,,3,,0,0,train
SYN00363,S039,"येरवडा स्कूल पर फेरीवालों ने फुटपाथ पर कब्जा कर लिया है, यह बहुत खतरनाक है",hi,encroachment_illegal_parking,W08,18.536897,73.885691,opposite Yerawada school,2026-09-06T15:57:37.766786+00:00,open,,3,,0,0,train
SYN00307,C039,"Stray cattle at Aundh garden are blocking the road, two accidents have already happened, this is very dangerous",en,stray_animals,W09,18.570857,73.796171,at Aundh garden,2026-09-06T16:24:00.195116+00:00,resolved,2026-09-08T08:44:54.647255+00:00,4,accident_risk,0,0,train
SYN00253,C000,"Deep pothole at Swargate bridge, two-wheelers keep falling, please fix it urgently",en,pothole_road,W02,18.493839,73.85375,in Swargate,2026-09-06T16:38:33.584046+00:00,open,,3,,1,0,train
SYN00356,S077,"There is a big pothole on the road near Wakad temple, water has been logged for days, please fix it urgently",en,pothole_road,W11,18.611823,73.780383,near Wakad temple,2026-09-06T18:39:05.892449+00:00,resolved,2026-09-08T05:48:47.918911+00:00,4,flooding,0,0,train
SYN00303,S220,"Hinjewadi mandir ke paas road pe bada gaddha hai, ye bahut khatarnak hai",hinglish,pothole_road,W12,18.589576,73.766498,opposite Hinjewadi temple,2026-09-06T18:48:27.091545+00:00,resolved,2026-09-08T11:37:37.253415+00:00,3,,0,0,train
SYN00411,C013,"Swargate dairy pe illegal parking se pura rasta band hai, do accident ho chuke hain, do hafte se aisa hi hai",hinglish,encroachment_illegal_parking,W02,18.493002,73.869152,at Swargate dairy,2026-09-06T19:20:01.433277+00:00,resolved,2026-09-04T18:00:10.186771+00:00,4,accident_risk,0,0,train
SYN00262,S128,"कोथरूड पुल के पास नाली पूरी तरह जाम है और बह रही है, मच्छर और बीमारी फैल रही है, कई दिनों से पानी भरा है",hi,drainage_sewage,W03,18.51035,73.80823,opposite Kothrud bridge,2026-09-06T20:32:39.218546+00:00,open,,4,health_risk|flooding,1,0,train
SYN00264,C036,"कात्रज मंदिर के पास फेरीवालों ने फुटपाथ पर कब्जा कर लिया है, यह बहुत खतरनाक है",hi,encroachment_illegal_parking,W05,18.45945,73.870257,opposite Katraj temple,2026-09-07T01:03:38.054254+00:00,resolved,2026-09-08T11:21:27.181029+00:00,3,,0,0,train
SYN00357,S257,"वारजे पेट्रोल पंप समोर तीन दिवसांपासून पाणी येत नाही, रुग्णालयाच्या बाहेरच, डास आणि आजार पसरत आहेत, हे खूप धोकादायक आहे गाडी MH12BV8866.",mr,water_supply,W04,18.488363,73.810694,at Warje petrol pump,2026-09-07T02:45:47.100133+00:00,open,,3,near_hospital|health_risk,0,1,train
SYN00060,S002,"Garbage has not been collected opposite Katraj temple for several days, right next to the school, just outside the hospital, this is very dangerous",en,garbage_waste,W05,18.453347,73.848421,at Katraj temple,2026-09-07T04:33:25.374692+00:00,resolved,2026-09-09T05:34:10.947953+00:00,3,near_school|near_hospital,0,0,test
SYN00159,S272,"The streetlight opposite Shivajinagar temple has not been working for a week, an open electric wire is hanging there",en,streetlight,W01,18.524696,73.85733,near Shivajinagar temple,2026-09-07T07:28:16.049091+00:00,open,,5,live_wire,0,0,train
SYN00381,S090,"The drain opposite Yerawada market is completely blocked and overflowing, please fix it urgently",en,drainage_sewage,W08,18.533321,73.899206,at Yerawada market,2026-09-07T09:37:32.635934+00:00,open,,3,,0,0,train
SYN00042,S029,"कोथरूड सोसायटी समोर रस्त्यावर मोठा खड्डा आहे, शाळेच्या अगदी जवळ",mr,pothole_road,W03,18.508238,73.808122,at Kothrud society,2026-09-07T10:46:28.524921+00:00,open,,2,near_school,0,0,test
SYN00222,S080,Garbage has not been collected opposite Swargate petrol pump for several days,en,garbage_waste,W02,18.494959,73.862884,in Swargate,2026-09-07T12:54:04.897946+00:00,open,,3,,1,0,train
SYN00076,C037,"The drain opposite Shivajinagar bridge is completely blocked and overflowing, water has been logged for days",en,drainage_sewage,W01,18.527401,73.872999,in Shivajinagar,2026-09-07T13:28:41.203274+00:00,open,,4,flooding,0,0,test
SYN00065,S008,"स्वारगेट पूल समोर तीन दिवसांपासून पाणी येत नाही, डास आणि आजार पसरत आहेत, कृपया लवकर दुरुस्त करा",mr,water_supply,W02,18.506557,73.86372,at Swargate bridge,2026-09-07T17:43:48.659298+00:00,resolved,2026-09-08T10:55:57.355459+00:00,3,health_risk,0,0,test
SYN00052,S085,"कोंढवा मंडई समोर पथदिवा आठवडाभरापासून बंद आहे, उघडी वीज तार लोंबकळत आहे, हे खूप धोकादायक आहे",mr,streetlight,W06,18.454783,73.871136,opposite Kondhwa market,2026-09-07T19:30:38.492223+00:00,resolved,2026-09-14T11:16:00.399849+00:00,5,live_wire,0,0,test
SYN00237,S187,"There is a big pothole on the road near Hadapsar chowk, water has been logged for days, it has been like this for two weeks",en,pothole_road,W07,18.508956,73.926382,in Hadapsar,2026-09-07T20:44:20.937261+00:00,open,,4,flooding,1,0,train
SYN00077,C037,"Shivajinagar me manhole ka dhakkan nahi hai, bahut khatarnak, kai din se paani bhara hai, ye bahut khatarnak hai",hinglish,drainage_sewage,W01,18.527187,73.873615,opposite Shivajinagar bridge,2026-09-07T22:34:46.319986+00:00,open,,4,flooding,0,0,test
SYN00265,C036,"कात्रज मंदिर जवळ बेकायदा पार्किंगमुळे रस्ता अडला आहे, दोन आठवड्यांपासून असेच आहे",mr,encroachment_illegal_parking,W05,18.460087,73.870134,near Katraj temple,2026-09-07T22:40:55.674781+00:00,resolved,2026-09-08T11:21:27.181029+00:00,3,,0,0,train
SYN00352,C007,कोंढवा मंडई समोर कचऱ्याचा ढीग आहे आणि दुर्गंधी येत आहे,mr,garbage_waste,W06,18.457032,73.914475,opposite Kondhwa market,2026-09-08T00:08:22.627636+00:00,open,,3,,0,0,train
SYN00049,C003,"कोथरूड मंदिर येथे तीन दिवसांपासून पाणी येत नाही, रुग्णालयाच्या बाहेरच मला resident21443@example.com वर संपर्क करा.",mr,water_supply,W03,18.507375,73.833221,in Kothrud,2026-09-08T02:22:13.872280+00:00,resolved,2026-09-08T09:29:58.868291+00:00,3,near_hospital,0,1,test
SYN00129,S114,"कोंढवा डेअरी जवळ कित्येक दिवसांपासून कचरा उचलला नाही, रुग्णालयाच्या बाहेरच, हे खूप धोकादायक आहे",mr,garbage_waste,W06,18.469025,73.901394,at Kondhwa dairy,2026-09-08T02:41:18.736870+00:00,open,,3,near_hospital,0,0,train
SYN00380,S027,"येरवडा पेट्रोल पंप येथे तीन दिवसांपासून पाणी येत नाही, दोन आठवड्यांपासून असेच आहे माझा नंबर 9822036963 आहे.",mr,water_supply,W08,18.537176,73.865675,opposite Yerawada petrol pump,2026-09-08T03:19:52.990681+00:00,open,,3,,1,1,train
SYN00392,C035,"Kondhwa market ke paas roz shaam ko thele rasta rokte hain, do accident ho chuke hain",hinglish,encroachment_illegal_parking,W06,18.463336,73.910218,near Kondhwa market,2026-09-08T04:08:44.036447+00:00,open,,4,accident_risk,0,0,train
SYN00030,S023,"वाकड चौक समोर गटार पूर्ण तुंबले आहे आणि वाहत आहे, मॅनहोलचे झाकण नाही, डास आणि आजार पसरत आहेत",mr,drainage_sewage,W11,18.590066,73.782642,in Wakad,2026-09-08T05:14:00.887032+00:00,open,,5,open_manhole|health_risk,0,0,test
SYN00196,S031,Aundh garden ke paas public toilet kai hafte se band hai,hinglish,other,W09,18.535761,73.820816,opposite Aundh garden,2026-09-08T11:44:27.334840+00:00,open,,4,,1,0,train
SYN00319,C034,"There is a big pothole on the road at Yerawada bridge, it has been like this for two weeks",en,pothole_road,W08,18.565949,73.892003,in Yerawada,2026-09-08T11:45:43.172180+00:00,resolved,2026-09-10T19:18:57.944991+00:00,3,,0,0,train
SYN00195,S014,"कात्रज सोसायटी समोर तीन दिवसांपासून पाणी येत नाही, रुग्णालयाच्या बाहेरच, दोन आठवड्यांपासून असेच आहे",mr,water_supply,W05,18.456949,73.860996,at Katraj society,2026-09-08T12:17:56.450404+00:00,resolved,2026-09-10T02:14:27.772481+00:00,3,near_hospital,0,0,train
SYN00355,S059,Kondhwa me nali puri jam hai aur overflow ho rahi hai,hinglish,drainage_sewage,W06,18.453652,73.900938,opposite Kondhwa bus stop,2026-09-08T14:22:47.160619+00:00,open,,3,,0,0,train
SYN00238,S006,"A pack of stray dogs in Hinjewadi is chasing children, right next to the school, this is very dangerous",en,stray_animals,W12,18.590465,73.750017,in Hinjewadi,2026-09-08T14:38:57.085722+00:00,resolved,2026-09-10T01:39:13.997578+00:00,3,near_school,0,0,train
SYN00148,S174,"येरवडा मंदिर जवळ फेरीवाल्यांनी पदपथावर अतिक्रमण केले आहे, दोन अपघात झाले आहेत",mr,encroachment_illegal_parking,W08,18.555797,73.885739,in Yerawada,2026-09-08T17:15:50.118613+00:00,open,,4,accident_risk,1,0,train
SYN00124,S219,"Hinjewadi chowk ke paas stray dogs bacchon ke peeche bhagte hain, do accident ho chuke hain, machhar aur bimari fail rahi hai, kripya jaldi theek karo",hinglish,stray_animals,W12,18.586119,73.723218,opposite Hinjewadi chowk,2026-09-08T18:58:38.171127+00:00,resolved,2026-09-10T06:22:20.004013+00:00,4,accident_risk|health_risk,1,0,train
SYN00154,S227,"वारजे डेअरी समोर फेरीवाल्यांनी पदपथावर अतिक्रमण केले आहे, दोन अपघात झाले आहेत, दोन आठवड्यांपासून असेच आहे",mr,encroachment_illegal_parking,W04,18.474642,73.819764,opposite Warje dairy,2026-09-08T19:32:21.602080+00:00,open,,4,accident_risk,0,0,train
SYN00331,S107,कोंढवा मध्ये गटार पूर्ण तुंबले आहे आणि वाहत आहे,mr,drainage_sewage,W06,18.461735,73.887087,in Kondhwa,2026-09-08T22:31:10.607979+00:00,open,,3,,0,0,train
SYN00078,C037,"शिवाजीनगर पुल पर सड़क पर गंदा पानी बह रहा है, कई दिनों से पानी भरा है",hi,drainage_sewage,W01,18.527003,73.872913,in Shivajinagar,2026-09-08T22:37:46.722716+00:00,open,,4,flooding,0,0,test
SYN00425,S124,"Hinjewadi me road pe bada gaddha hai, school ke bilkul paas, ye bahut khatarnak hai",hinglish,pothole_road,W12,18.589393,73.729453,near Hinjewadi chowk,2026-09-08T23:36:20.145821+00:00,open,,3,near_school,0,0,train
SYN00284,S177,"स्वारगेट मध्ये रस्त्यावर मोठा खड्डा आहे, हे खूप धोकादायक आहे",mr,pothole_road,W02,18.488328,73.865863,in Swargate,2026-09-08T23:41:16.755511+00:00,resolved,2026-09-09T07:51:16.519286+00:00,3,,0,0,train
SYN00098,S192,"The streetlight in Swargate has not been working for a week, two accidents have already happened",en,streetlight,W02,18.49916,73.863221,in Swargate,2026-09-09T02:37:14.390705+00:00,resolved,2026-09-11T14:06:02.620945+00:00,4,accident_risk,0,0,train
SYN00177,S089,"Warje me road pe bada gaddha hai, do accident ho chuke hain, school ke bilkul paas, do hafte se aisa hi hai Gaadi MH12BV2724.",hinglish,pothole_road,W04,18.478974,73.808139,at Warje school,2026-09-09T09:56:25.554463+00:00,resolved,2026-09-11T11:07:59.933050+00:00,4,accident_risk|near_school,0,1,train
SYN00254,C000,Swargate bridge ke saamne rasta puri tarah tut gaya hai,hinglish,pothole_road,W02,18.494055,73.853938,in Swargate,2026-09-09T11:11:22.298833+00:00,open,,3,,0,0,train
SYN00011,S132,"वारजे उद्यान समोर भटक्या कुत्र्यांचा कळप मुलांच्या मागे धावतो, दोन आठवड्यांपासून असेच आहे",mr,stray_animals,W04,18.483162,73.80976,at Warje garden,2026-09-09T13:33:35.417143+00:00,open,,2,,0,0,test
SYN00373,S045,"वाकड डेअरी येथे कित्येक दिवसांपासून कचरा उचलला नाही, हे खूप धोकादायक आहे",mr,garbage_waste,W11,18.602228,73.790244,at Wakad dairy,2026-09-09T15:41:38.030054+00:00,resolved,2026-09-11T15:17:52.815847+00:00,3,,0,0,train
SYN00205,S242,"वारजे शाळा येथे कित्येक दिवसांपासून कचरा उचलला नाही, डास आणि आजार पसरत आहेत, दोन आठवड्यांपासून असेच आहे",mr,garbage_waste,W04,18.485128,73.797989,at Warje school,2026-09-09T18:03:43.661792+00:00,resolved,2026-09-10T12:54:39.504970+00:00,3,health_risk,0,0,train
SYN00211,S151,"औंध सोसायटी के सामने सड़क पर बड़ा गड्ढा है, दो हादसे हो चुके हैं, यह बहुत खतरनाक है",hi,pothole_road,W09,18.540516,73.806604,near Aundh society,2026-09-09T19:28:37.375667+00:00,resolved,2026-09-12T03:09:06.780785+00:00,4,accident_risk,1,0,train
SYN00167,S131,"Katraj market pe kai din se kachra nahi uthaya, school ke bilkul paas, hospital ke bahar hi, kripya jaldi theek karo",hinglish,garbage_waste,W05,18.441081,73.866262,in Katraj,2026-09-09T20:42:30.421225+00:00,resolved,2026-09-12T02:52:08.157218+00:00,3,near_school|near_hospital,0,0,train
SYN00323,C034,Yerawada me road pe bada gaddha hai Mujhe resident60542@example.com pe contact karo.,hinglish,pothole_road,W08,18.566166,73.892169,near Yerawada bridge,2026-09-09T23:10:12.311959+00:00,resolved,2026-09-10T19:18:57.944991+00:00,3,,1,1,train
SYN00108,S226,"There has been no water supply opposite Yerawada society for three days, mosquitoes and disease are spreading, just outside the hospital, please fix it urgently",en,water_supply,W08,18.56536,73.865401,at Yerawada society,2026-09-10T01:38:39.053991+00:00,open,,3,health_risk|near_hospital,0,0,train
SYN00102,C006,"Warje chowk ke saamne hawkers ne footpath par kabza kar liya, do accident ho chuke hain",hinglish,encroachment_illegal_parking,W04,18.483615,73.79057,opposite Warje chowk,2026-09-10T02:05:40.064557+00:00,resolved,2026-09-12T00:51:35.579086+00:00,4,accident_risk,0,0,train
SYN00050,C003,"Kothrud mandir ke saamne pipeline leak ho rahi hai, paani barbaad, hospital ke bahar hi",hinglish,water_supply,W03,18.507052,73.833054,near Kothrud temple,2026-09-10T03:18:15.593774+00:00,resolved,2026-09-08T09:29:58.868291+00:00,3,near_hospital,1,0,test
SYN00327,S100,"वारजे चौक समोर रस्त्यावर मोठा खड्डा आहे, शाळेच्या अगदी जवळ, दोन आठवड्यांपासून असेच आहे",mr,pothole_road,W04,18.466541,73.813405,at Warje chowk,2026-09-10T03:31:52.546111+00:00,resolved,2026-09-11T03:37:21.062322+00:00,3,near_school,0,0,train
SYN00412,S056,"Garbage has not been collected opposite Kondhwa chowk for several days, this is very dangerous",en,garbage_waste,W06,18.468304,73.894433,near Kondhwa chowk,2026-09-10T05:07:04.063745+00:00,resolved,2026-09-16T22:59:08.391808+00:00,4,,1,0,train
SYN00394,S042,"स्वारगेट में सड़क पर बड़ा गड्ढा है, दो हादसे हो चुके हैं, स्कूल के बिल्कुल पास, दो हफ्ते से ऐसा ही है",hi,pothole_road,W02,18.495951,73.850755,opposite Swargate chowk,2026-09-10T08:10:35.631305+00:00,open,,4,accident_risk|near_school,0,0,train
SYN00216,S095,"हिंजवडी मंदिर पर स्ट्रीट लाइट एक हफ्ते से बंद है, खुला बिजली का तार लटक रहा है, कृपया जल्दी ठीक कराइए",hi,streetlight,W12,18.61102,73.732893,in Hinjewadi,2026-09-10T13:57:11.747105+00:00,resolved,2026-09-11T19:09:58.302022+00:00,5,live_wire,0,0,train
SYN00396,S140,The streetlight in Kondhwa has not been working for a week Vehicle MH12QC9676.,en,streetlight,W06,18.483535,73.896622,at Kondhwa bridge,2026-09-10T19:14:35.020118+00:00,open,,3,,0,1,train
SYN00232,S086,"Hinjewadi society ke saamne kai din se kachra nahi uthaya, school ke bilkul paas",hinglish,garbage_waste,W12,18.568832,73.751753,in Hinjewadi,2026-09-10T19:34:04.626389+00:00,open,,3,near_school,1,0,train
SYN00320,C034,"Yerawada bridge ke saamne gehra gaddha hai, gaadi girti hai, do hafte se aisa hi hai",hinglish,pothole_road,W08,18.566069,73.891856,opposite Yerawada bridge,2026-09-10T21:58:30.523329+00:00,resolved,2026-09-10T19:18:57.944991+00:00,3,,1,0,train
SYN00122,S083,"Aundh society ke saamne road pe bada gaddha hai, do accident ho chuke hain, ye bahut khatarnak hai",hinglish,pothole_road,W09,18.55482,73.782392,opposite Aundh society,2026-09-10T23:42:07.453120+00:00,resolved,2026-09-12T16:02:08.394509+00:00,4,accident_risk,0,0,train
SYN00113,S287,"शिवाजीनगर स्कूल के पास कई दिनों से कचरा नहीं उठाया गया, स्कूल के बिल्कुल पास, अस्पताल के ठीक बाहर",hi,garbage_waste,W01,18.530037,73.869947,opposite Shivajinagar school,2026-09-11T01:10:11.894378+00:00,open,,4,near_school|near_hospital,0,0,train
SYN00104,C006,"A shop at Warje chowk has extended onto the pavement, two accidents have already happened, it has been like this for two weeks",en,encroachment_illegal_parking,W04,18.48384,73.790568,opposite Warje chowk,2026-09-11T01:36:15.741473+00:00,resolved,2026-09-12T00:51:35.579086+00:00,4,accident_risk,0,0,train
SYN00121,S033,A large tree branch opposite Baner temple is about to fall,en,tree_fall_hazard,W10,18.560741,73.796679,near Baner temple,2026-09-11T05:59:51.789307+00:00,resolved,2026-09-12T23:20:06.148385+00:00,4,,0,0,train
SYN00137,S015,"कोथरूड चौक जवळ भटक्या कुत्र्यांचा कळप मुलांच्या मागे धावतो, दोन अपघात झाले आहेत, शाळेच्या अगदी जवळ, हे खूप धोकादायक आहे",mr,stray_animals,W03,18.4882,73.801338,opposite Kothrud chowk,2026-09-11T07:54:30.426631+00:00,open,,4,accident_risk|near_school,0,0,train
SYN00321,C034,"येरवडा पूल येथे रस्ता पूर्ण उखडला आहे, कृपया लवकर दुरुस्त करा",mr,pothole_road,W08,18.566043,73.89178,at Yerawada bridge,2026-09-11T10:56:38.841941+00:00,resolved,2026-09-10T19:18:57.944991+00:00,3,,0,0,train
SYN00388,S228,"हडपसर सोसायटी समोर कित्येक दिवसांपासून कचरा उचलला नाही, रुग्णालयाच्या बाहेरच",mr,garbage_waste,W07,18.518743,73.920886,at Hadapsar society,2026-09-11T11:02:22.269964+00:00,resolved,2026-09-12T11:37:25.702324+00:00,3,near_hospital,1,0,train
SYN00002,C040,"कोथरूड मध्ये पथदिवा आठवडाभरापासून बंद आहे, दोन आठवड्यांपासून असेच आहे",mr,streetlight,W03,18.495806,73.810891,in Kothrud,2026-09-11T12:29:40.336022+00:00,open,,3,,1,0,test
SYN00378,S256,"Kondhwa mandir ke paas stray dogs bacchon ke peeche bhagte hain, school ke bilkul paas, do hafte se aisa hi hai",hinglish,stray_animals,W06,18.473724,73.912122,at Kondhwa temple,2026-09-11T15:37:47.131689+00:00,open,,3,near_school,0,0,train
SYN00180,S075,"Baner school ke paas teen din se paani nahi aa raha, machhar aur bimari fail rahi hai, ye bahut khatarnak hai",hinglish,water_supply,W10,18.564422,73.763582,at Baner school,2026-09-11T20:47:18.987832+00:00,open,,3,health_risk,0,0,train
SYN00003,C040,"कोथरूड सोसायटी के सामने रात में पूरा अंधेरा रहता है, लाइट नहीं जलती, दो हफ्ते से ऐसा ही है",hi,streetlight,W03,18.495448,73.810566,near Kothrud society,2026-09-11T22:33:50.847870+00:00,open,,3,,0,0,test
SYN00004,C040,"Kothrud society pe ka khamba band hai, ladies ke liye safe nahi, kripya jaldi theek karo",hinglish,streetlight,W03,18.496118,73.811214,near Kothrud society,2026-09-12T02:39:32.539597+00:00,open,,3,,0,0,test
SYN00007,C040,"कोथरूड सोसायटी जवळ रात्री पूर्ण अंधार असतो, दिवे लागत नाहीत",mr,streetlight,W03,18.495835,73.810772,in Kothrud,2026-09-12T04:36:30.704416+00:00,open,,3,,1,0,test
SYN00358,S020,"The streetlight in Swargate has not been working for a week, two accidents have already happened, right next to the school, please fix it urgently",en,streetlight,W02,18.49782,73.861249,opposite Swargate bus stop,2026-09-12T04:37:22.038555+00:00,resolved,2026-09-12T21:18:18.858384+00:00,4,accident_risk|near_school,1,0,train
SYN00169,S205,"There is a big pothole on the road at Baner bus stop, water has been logged for days, right next to the school",en,pothole_road,W10,18.551255,73.783624,near Baner bus stop,2026-09-12T05:30:57.470380+00:00,open,,4,flooding|near_school,0,0,train
SYN00182,C026,"There is a big pothole on the road opposite Yerawada school, two accidents have already happened, water has been logged for days Vehicle MH12FX7791.",en,pothole_road,W08,18.566624,73.872448,at Yerawada school,2026-09-12T06:25:50.955821+00:00,open,,4,accident_risk|flooding,0,1,train
SYN00263,S241,"Swargate me street light ek hafte se band hai, do accident ho chuke hain",hinglish,streetlight,W02,18.501622,73.871206,at Swargate bridge,2026-09-12T07:06:00.445464+00:00,resolved,2026-09-14T10:49:11.449458+00:00,4,accident_risk,0,0,train
SYN00063,S267,"शिवाजीनगर मंडई येथे भटक्या कुत्र्यांचा कळप मुलांच्या मागे धावतो, डास आणि आजार पसरत आहेत, शाळेच्या अगदी जवळ, कृपया लवकर दुरुस्त करा गाडी MH12PZ1959.",mr,stray_animals,W01,18.540408,73.852106,in Shivajinagar,2026-09-12T07:06:10.474716+00:00,resolved,2026-09-13T18:32:30.427774+00:00,3,health_risk|near_school,0,1,test
SYN00268,C036,कात्रज मंदिर जवळ फेरीवाल्यांनी पदपथावर अतिक्रमण केले आहे,mr,encroachment_illegal_parking,W05,18.459547,73.870325,at Katraj temple,2026-09-12T09:15:45.203072+00:00,resolved,2026-09-08T11:21:27.181029+00:00,3,,0,0,train
SYN00033,S231,"The streetlight in Yerawada has not been working for a week, right next to the school, two accidents have already happened, please fix it urgently",en,streetlight,W08,18.536961,73.870059,opposite Yerawada dairy,2026-09-12T09:40:38.429693+00:00,open,,4,near_school|accident_risk,0,0,test
SYN00240,S130,"Kothrud petrol pump ke saamne street light ek hafte se band hai, khula bijli ka taar latak raha hai, ye bahut khatarnak hai",hinglish,streetlight,W03,18.496213,73.81461,near Kothrud petrol pump,2026-09-12T09:52:20.086219+00:00,resolved,2026-09-14T12:06:37.379441+00:00,5,live_wire,0,0,train
SYN00120,S166,"कात्रज मंदिर पर स्ट्रीट लाइट एक हफ्ते से बंद है, खुला बिजली का तार लटक रहा है",hi,streetlight,W05,18.483913,73.874244,at Katraj temple,2026-09-12T09:54:05.200780+00:00,resolved,2026-09-13T17:01:54.029594+00:00,5,live_wire,1,0,train
SYN00236,S117,"Kothrud market ke paas road pe bada gaddha hai, do accident ho chuke hain, kripya jaldi theek karo",hinglish,pothole_road,W03,18.52213,73.820965,near Kothrud market,2026-09-12T10:34:48.532330+00:00,resolved,2026-09-12T23:57:40.294256+00:00,4,accident_risk,0,0,train
SYN00343,S208,"शिवाजीनगर उद्यान के सामने नाली पूरी तरह जाम है और बह रही है, स्कूल के बिल्कुल पास, कृपया जल्दी ठीक कराइए",hi,drainage_sewage,W01,18.534546,73.84196,in Shivajinagar,2026-09-12T11:51:53.993302+00:00,resolved,2026-09-12T19:57:56.041485+00:00,4,near_school,0,0,train
SYN00417,S278,"Garbage has not been collected in Wakad for several days, mosquitoes and disease are spreading, this is very dangerous",en,garbage_waste,W11,18.603998,73.801089,opposite Wakad garden,2026-09-12T13:59:00.003018+00:00,resolved,2026-09-14T07:26:57.065900+00:00,3,health_risk,0,0,train
SYN00210,S190,"हडपसर सोसायटी समोर रस्त्यावर मोठा खड्डा आहे, हे खूप धोकादायक आहे",mr,pothole_road,W07,18.511378,73.927436,near Hadapsar society,2026-09-12T17:46:54.553698+00:00,open,,3,,0,0,train
SYN00374,S186,"Garbage has not been collected at Katraj school for several days, mosquitoes and disease are spreading, just outside the hospital",en,garbage_waste,W05,18.443029,73.859705,in Katraj,2026-09-12T17:47:47.454326+00:00,resolved,2026-09-14T22:51:57.716168+00:00,3,health_risk|near_hospital,0,0,train
SYN00151,S040,"A pack of stray dogs in Kothrud is chasing children, two accidents have already happened",en,stray_animals,W03,18.513598,73.815162,in Kothrud,2026-09-12T18:32:18.383247+00:00,resolved,2026-09-14T17:57:21.469496+00:00,4,accident_risk,0,0,train
SYN00266,C036,A shop opposite Katraj temple has extended onto the pavement,en,encroachment_illegal_parking,W05,18.459888,73.869833,opposite Katraj temple,2026-09-12T20:33:19.617750+00:00,resolved,2026-09-08T11:21:27.181029+00:00,3,,0,0,train
SYN00281,C011,"हडपसर में तीन दिन से पानी नहीं आ रहा, अस्पताल के ठीक बाहर, मच्छर और बीमारी फैल रही है, यह बहुत खतरनाक है",hi,water_supply,W07,18.527288,73.932827,in Hadapsar,2026-09-12T23:04:32.318907+00:00,resolved,2026-09-13T16:03:06.518542+00:00,3,near_hospital|health_risk,0,0,train
SYN00103,C006,"वारजे चौक जवळ बेकायदा पार्किंगमुळे रस्ता अडला आहे, दोन अपघात झाले आहेत, दोन आठवड्यांपासून असेच आहे",mr,encroachment_illegal_parking,W04,18.484152,73.790263,opposite Warje chowk,2026-09-13T00:35:41.717462+00:00,resolved,2026-09-12T00:51:35.579086+00:00,4,accident_risk,1,0,train
SYN00015,S013,"Yerawada dairy ke paas nali puri jam hai aur overflow ho rahi hai, school ke bilkul paas, ye bahut khatarnak hai",hinglish,drainage_sewage,W08,18.532003,73.874501,in Yerawada,2026-09-13T08:36:53.171539+00:00,open,,3,near_school,1,0,test
SYN00186,C026,"येरवडा शाळा समोर रस्त्यावर मोठा खड्डा आहे, दोन अपघात झाले आहेत, कित्येक दिवस पाणी साचले आहे, हे खूप धोकादायक आहे",mr,pothole_road,W08,18.56636,73.871996,in Yerawada,2026-09-13T09:55:03.496649+00:00,open,,4,accident_risk|flooding,0,0,train
SYN00162,S057,"Hinjewadi society pe street light ek hafte se band hai, school ke bilkul paas",hinglish,streetlight,W12,18.591803,73.73866,near Hinjewadi society,2026-09-13T10:34:43.382224+00:00,resolved,2026-09-15T16:12:04.150854+00:00,3,near_school,0,0,train
SYN00072,S149,"हिंजवडी चौक येथे भटक्या कुत्र्यांचा कळप मुलांच्या मागे धावतो, शाळेच्या अगदी जवळ, दोन आठवड्यांपासून असेच आहे",mr,stray_animals,W12,18.617422,73.743592,near Hinjewadi chowk,2026-09-13T10:43:14.495320+00:00,resolved,2026-09-15T13:39:56.699257+00:00,4,near_school,0,0,test
SYN00322,C034,येरवडा पुल के पास सड़क पर गड्ढों की वजह से चलना मुश्किल है,hi,pothole_road,W08,18.565775,73.892013,near Yerawada bridge,2026-09-13T13:06:03.562510+00:00,resolved,2026-09-10T19:18:57.944991+00:00,3,,1,0,train
SYN00261,S150,"वारजे उद्यान जवळ गटार पूर्ण तुंबले आहे आणि वाहत आहे, मॅनहोलचे झाकण नाही",mr,drainage_sewage,W04,18.482158,73.801235,in Warje,2026-09-13T14:36:43.769393+00:00,resolved,2026-09-15T11:52:03.431213+00:00,5,open_manhole,0,0,train
SYN00112,S262,"Baner bus stop ke paas teen din se paani nahi aa raha, hospital ke bahar hi, do hafte se aisa hi hai",hinglish,water_supply,W10,18.570327,73.806628,at Baner bus stop,2026-09-13T20:19:54.531723+00:00,resolved,2026-09-15T05:15:31.376387+00:00,2,near_hospital,0,0,train
SYN00267,C036,"Katraj mandir ke paas roz shaam ko thele rasta rokte hain, ye bahut khatarnak hai",hinglish,encroachment_illegal_parking,W05,18.460133,73.869929,near Katraj temple,2026-09-13T23:49:23.325226+00:00,resolved,2026-09-08T11:21:27.181029+00:00,3,,0,0,train
SYN00091,S180,"Garbage has not been collected in Wakad for several days, just outside the hospital",en,garbage_waste,W11,18.581425,73.780251,opposite Wakad market,2026-09-14T00:12:10.064879+00:00,open,,3,near_hospital,0,0,test
SYN00079,C037,"शिवाजीनगर पूल समोर नाला कचऱ्याने तुंबला आहे, कित्येक दिवस पाणी साचले आहे",mr,drainage_sewage,W01,18.527357,73.873369,opposite Shivajinagar bridge,2026-09-14T01:37:09.858084+00:00,open,,4,flooding,1,0,test
SYN00123,S087,"Garbage has not been collected at Hadapsar dairy for several days, mosquitoes and disease are spreading, it has been like this for two weeks",en,garbage_waste,W07,18.530217,73.927748,opposite Hadapsar dairy,2026-09-14T02:39:04.931306+00:00,resolved,2026-09-16T11:28:43.549766+00:00,3,health_risk,0,0,train
SYN00256,S199,"Garbage has not been collected opposite Kondhwa bridge for several days, right next to the school, this is very dangerous",en,garbage_waste,W06,18.478281,73.902974,at Kondhwa bridge,2026-09-14T03:05:04.853368+00:00,resolved,2026-09-16T17:45:32.116228+00:00,3,near_school,0,0,train
SYN00136,S088,"The drain near Shivajinagar petrol pump is completely blocked and overflowing, right next to the school, the manhole cover is missing, it has been like this for two weeks",en,drainage_sewage,W01,18.526422,73.867972,near Shivajinagar petrol pump,2026-09-14T03:14:59.694514+00:00,resolved,2026-09-15T05:56:28.084600+00:00,5,near_school|open_manhole,0,0,train
SYN00422,S010,The streetlight opposite Wakad society has not been working for a week,en,streetlight,W11,18.60008,73.788417,near Wakad society,2026-09-14T03:55:43.503103+00:00,resolved,2026-09-14T10:29:02.234503+00:00,3,,0,0,train
SYN00117,S047,"शिवाजीनगर पूल जवळ तीन दिवसांपासून पाणी येत नाही, हे खूप धोकादायक आहे",mr,water_supply,W01,18.518175,73.859818,near Shivajinagar bridge,2026-09-14T04:26:17.732337+00:00,resolved,2026-09-15T01:18:13.423214+00:00,3,,0,0,train
SYN00334,C032,"कोंढवा शाळा येथे सार्वजनिक शौचालय कित्येक आठवडे बंद आहे, कृपया लवकर दुरुस्त करा",mr,other,W06,18.451408,73.90174,opposite Kondhwa school,2026-09-14T06:16:40.706234+00:00,open,,3,,0,0,train
SYN00130,S212,"The streetlight at Baner school has not been working for a week, please fix it urgently",en,streetlight,W10,18.533458,73.780163,in Baner,2026-09-14T06:20:15.966339+00:00,resolved,2026-09-14T20:57:56.244783+00:00,4,,0,0,train
SYN00183,C026,"Yerawada me gehra gaddha hai, gaadi girti hai, do accident ho chuke hain, kai din se paani bhara hai",hinglish,pothole_road,W08,18.566279,73.871949,in Yerawada,2026-09-14T08:08:19.845773+00:00,open,,4,accident_risk|flooding,1,0,train
SYN00335,C032,"Kondhwa school ke saamne bus stop toota hua hai, kripya jaldi theek karo",hinglish,other,W06,18.451604,73.901512,opposite Kondhwa school,2026-09-14T09:29:22.134973+00:00,open,,3,,0,0,train
SYN00325,S169,"वारजे सोसायटी जवळ कित्येक दिवसांपासून कचरा उचलला नाही, शाळेच्या अगदी जवळ, दोन आठवड्यांपासून असेच आहे",mr,garbage_waste,W04,18.497746,73.817191,near Warje society,2026-09-14T10:45:12.581816+00:00,resolved,2026-09-15T07:45:52.408755+00:00,3,near_school,1,0,train
SYN00176,S269,"Warje society pe street light ek hafte se band hai, do accident ho chuke hain, do hafte se aisa hi hai",hinglish,streetlight,W04,18.479794,73.816551,in Warje,2026-09-14T11:43:08.348279+00:00,resolved,2026-09-16T10:22:06.082389+00:00,4,accident_risk,0,0,train
SYN00302,S181,"Yerawada bus stop ke paas kai din se kachra nahi uthaya, hospital ke bahar hi, school ke bilkul paas, do hafte se aisa hi hai",hinglish,garbage_waste,W08,18.554837,73.8808,in Yerawada,2026-09-14T13:54:56.514721+00:00,open,,3,near_hospital|near_school,0,0,train
SYN00084,S250,"कोंढवा चौक समोर पथदिवा आठवडाभरापासून बंद आहे, दोन अपघात झाले आहेत, हे खूप धोकादायक आहे",mr,streetlight,W06,18.465757,73.894713,near Kondhwa chowk,2026-09-14T17:35:15.233774+00:00,open,,4,accident_risk,0,0,test
SYN00305,S155,"शिवाजीनगर बस थांबा समोर कित्येक दिवसांपासून कचरा उचलला नाही, कृपया लवकर दुरुस्त करा",mr,garbage_waste,W01,18.513711,73.851992,in Shivajinagar,2026-09-14T20:26:02.715376+00:00,resolved,2026-09-15T21:24:22.520835+00:00,3,,0,0,train
SYN00179,S055,"कात्रज पूल येथे गटार पूर्ण तुंबले आहे आणि वाहत आहे, शाळेच्या अगदी जवळ, कित्येक दिवस पाणी साचले आहे, हे खूप धोकादायक आहे",mr,drainage_sewage,W05,18.457891,73.868335,at Katraj bridge,2026-09-14T22:20:20.945502+00:00,open,,4,near_school|flooding,0,0,train
SYN00188,C026,"Yerawada school ke paas rasta puri tarah tut gaya hai, do accident ho chuke hain, kai din se paani bhara hai",hinglish,pothole_road,W08,18.56655,73.87213,in Yerawada,2026-09-14T23:55:52.892789+00:00,open,,4,accident_risk|flooding,0,0,train
SYN00404,S094,"Garbage has not been collected near Hinjewadi society for several days, mosquitoes and disease are spreading, just outside the hospital, it has been like this for two weeks",en,garbage_waste,W12,18.577342,73.735028,opposite Hinjewadi society,2026-09-15T01:30:10.475732+00:00,open,,3,health_risk|near_hospital,0,0,train
SYN00330,S251,"There has been no water supply at Hadapsar chowk for three days, please fix it urgently",en,water_supply,W07,18.519969,73.927795,in Hadapsar,2026-09-15T01:54:10.795025+00:00,resolved,2026-09-16T04:54:28.487719+00:00,3,,0,0,train
SYN00428,S218,"स्वारगेट चौक के पास कई दिनों से कचरा नहीं उठाया गया, स्कूल के बिल्कुल पास, अस्पताल के ठीक बाहर, यह बहुत खतरनाक है",hi,garbage_waste,W02,18.491259,73.883192,at Swargate chowk,2026-09-15T02:12:18.543322+00:00,resolved,2026-09-17T08:08:54.944400+00:00,3,near_school|near_hospital,0,0,train
SYN00185,C026,"येरवडा स्कूल के पास सड़क पर गड्ढों की वजह से चलना मुश्किल है, दो हादसे हो चुके हैं, कई दिनों से पानी भरा है, कृपया जल्दी ठीक कराइए गाड़ी MH12ZG9382।",hi,pothole_road,W08,18.566609,73.872023,near Yerawada school,2026-09-15T02:51:00.632094+00:00,open,,4,accident_risk|flooding,0,1,train
SYN00039,S019,"शिवाजीनगर शाळा येथे कित्येक दिवसांपासून कचरा उचलला नाही, शाळेच्या अगदी जवळ, हे खूप धोकादायक आहे",mr,garbage_waste,W01,18.542875,73.824795,near Shivajinagar school,2026-09-15T03:14:01.223255+00:00,resolved,2026-09-16T18:46:00.219232+00:00,3,near_school,0,0,test
SYN00161,S188,"Swargate mandir pe road pe bada gaddha hai, school ke bilkul paas, do hafte se aisa hi hai",hinglish,pothole_road,W02,18.511186,73.841768,opposite Swargate temple,2026-09-15T05:39:26.134476+00:00,resolved,2026-09-15T23:31:56.308772+00:00,3,near_school,0,0,train
SYN00206,S144,"Hawkers have encroached the footpath near Hinjewadi temple, two accidents have already happened, this is very dangerous",en,encroachment_illegal_parking,W12,18.595406,73.737623,opposite Hinjewadi temple,2026-09-15T06:35:01.140872+00:00,resolved,2026-09-15T19:04:01.431603+00:00,4,accident_risk,0,0,train
SYN00368,S009,"बाणेर डेअरी पर सड़क पर बड़ा गड्ढा है, कई दिनों से पानी भरा है, दो हफ्ते से ऐसा ही है",hi,pothole_road,W10,18.55804,73.779381,at Baner dairy,2026-09-15T06:41:20.193378+00:00,resolved,2026-09-15T23:37:31.445640+00:00,4,flooding,0,0,train
SYN00350,S021,"The drain at Hadapsar dairy is completely blocked and overflowing, water has been logged for days",en,drainage_sewage,W07,18.506921,73.932326,in Hadapsar,2026-09-15T11:10:42.942750+00:00,open,,4,flooding,0,0,train
SYN00229,S135,"शिवाजीनगर मंडई जवळ पथदिवा आठवडाभरापासून बंद आहे, उघडी वीज तार लोंबकळत आहे, कृपया लवकर दुरुस्त करा",mr,streetlight,W01,18.550288,73.847431,opposite Shivajinagar market,2026-09-15T13:03:03.188768+00:00,open,,5,live_wire,1,0,train
SYN00345,S198,"स्वारगेट शाळा समोर कित्येक दिवसांपासून कचरा उचलला नाही, शाळेच्या अगदी जवळ, हे खूप धोकादायक आहे",mr,garbage_waste,W02,18.500374,73.854102,near Swargate school,2026-09-15T13:17:02.741542+00:00,resolved,2026-09-16T21:52:39.049617+00:00,3,near_school,0,0,train
SYN00282,C011,"Hadapsar me pipeline leak ho rahi hai, paani barbaad, hospital ke bahar hi, machhar aur bimari fail rahi hai",hinglish,water_supply,W07,18.527129,73.933187,opposite Hadapsar society,2026-09-15T13:44:19.231364+00:00,resolved,2026-09-13T16:03:06.518542+00:00,3,near_hospital|health_risk,1,0,train
SYN00111,S255,वाकड उद्यान समोर कित्येक दिवसांपासून कचरा उचलला नाही,mr,garbage_waste,W11,18.606303,73.782832,at Wakad garden,2026-09-15T16:03:31.772054+00:00,resolved,2026-09-16T06:22:43.498434+00:00,2,,0,0,train
SYN00387,S276,"कोंढवा मध्ये तीन दिवसांपासून पाणी येत नाही, रुग्णालयाच्या बाहेरच, हे खूप धोकादायक आहे",mr,water_supply,W06,18.463869,73.893244,opposite Kondhwa society,2026-09-15T16:57:49.529624+00:00,open,,4,near_hospital,0,0,train
SYN00184,C026,"येरवडा शाळा समोर रस्ता पूर्ण उखडला आहे, दोन अपघात झाले आहेत, कित्येक दिवस पाणी साचले आहे, दोन आठवड्यांपासून असेच आहे",mr,pothole_road,W08,18.56648,73.87211,opposite Yerawada school,2026-09-15T19:34:54.036774+00:00,open,,4,accident_risk|flooding,0,0,train
SYN00426,S264,"A pack of stray dogs in Kondhwa is chasing children, two accidents have already happened, this is very dangerous",en,stray_animals,W06,18.469563,73.890926,opposite Kondhwa chowk,2026-09-15T20:19:27.837701+00:00,resolved,2026-09-23T01:45:02.856061+00:00,4,accident_risk,0,0,train
SYN00014,S189,"येरवडा डेअरी येथे पथदिवा आठवडाभरापासून बंद आहे, दोन अपघात झाले आहेत, शाळेच्या अगदी जवळ, हे खूप धोकादायक आहे",mr,streetlight,W08,18.563758,73.870738,opposite Yerawada dairy,2026-09-15T20:31:56.062278+00:00,resolved,2026-09-23T01:09:52.653772+00:00,4,accident_risk|near_school,0,0,test
SYN00244,C041,"A pack of stray dogs at Baner dairy is chasing children, this is very dangerous",en,stray_animals,W10,18.559107,73.79344,opposite Baner dairy,2026-09-15T20:32:26.007497+00:00,open,,3,,0,0,train
SYN00329,S182,"कोंढवा डेअरी जवळ झाडाची मोठी फांदी पडण्याच्या बेतात आहे, उघडी वीज तार लोंबकळत आहे, शाळेच्या अगदी जवळ, हे खूप धोकादायक आहे",mr,tree_fall_hazard,W06,18.485315,73.873517,opposite Kondhwa dairy,2026-09-16T00:17:02.412115+00:00,resolved,2026-09-21T12:58:19.161684+00:00,5,live_wire|near_school,0,0,train
SYN00405,S082,"स्वारगेट मंदिर समोर पथदिवा आठवडाभरापासून बंद आहे, दोन अपघात झाले आहेत",mr,streetlight,W02,18.501167,73.874111,in Swargate,2026-09-16T00:37:32.063481+00:00,open,,4,accident_risk,0,0,train
SYN00048,S223,"Shivajinagar school ke saamne street light ek hafte se band hai, khula bijli ka taar latak raha hai, kripya jaldi theek karo",hinglish,streetlight,W01,18.519314,73.84718,at Shivajinagar school,2026-09-16T00:53:15.765970+00:00,resolved,2026-09-18T12:00:18.309083+00:00,5,live_wire,0,0,test
SYN00364,S195,"The public toilet in Shivajinagar has been locked for weeks, it has been like this for two weeks",en,other,W01,18.532937,73.846141,near Shivajinagar temple,2026-09-16T04:06:38.685482+00:00,resolved,2026-09-16T15:59:58.948915+00:00,3,,1,0,train
SYN00160,S050,"वारजे चौक येथे गटार पूर्ण तुंबले आहे आणि वाहत आहे, हे खूप धोकादायक आहे",mr,drainage_sewage,W04,18.479403,73.806979,in Warje,2026-09-16T04:23:51.315813+00:00,open,,3,,0,0,train
SYN00386,S073,"स्वारगेट मध्ये कित्येक दिवसांपासून कचरा उचलला नाही, हे खूप धोकादायक आहे",mr,garbage_waste,W02,18.504061,73.843338,opposite Swargate dairy,2026-09-16T05:53:32.391965+00:00,resolved,2026-09-16T14:39:57.334170+00:00,3,,1,0,train
SYN00068,S263,"कात्रज शाळा समोर तीन दिवसांपासून पाणी येत नाही, डास आणि आजार पसरत आहेत, रुग्णालयाच्या बाहेरच, कृपया लवकर दुरुस्त करा",mr,water_supply,W05,18.447438,73.868785,in Katraj,2026-09-16T06:03:50.768254+00:00,resolved,2026-09-17T08:20:35.646377+00:00,3,health_risk|near_hospital,0,0,test
SYN00384,S001,"Garbage has not been collected in Swargate for several days, it has been like this for two weeks",en,garbage_waste,W02,18.501372,73.859349,opposite Swargate petrol pump,2026-09-16T07:29:43.467809+00:00,resolved,2026-09-17T23:54:33.004818+00:00,3,,0,0,train
SYN00005,C040,Three lights near Kothrud society are not glowing,en,streetlight,W03,18.495508,73.810539,near Kothrud society,2026-09-16T11:09:31.191559+00:00,open,,3,,0,0,test
SYN00340,S252,"बाणेर मध्ये कित्येक दिवसांपासून कचरा उचलला नाही, हे खूप धोकादायक आहे",mr,garbage_waste,W10,18.569405,73.796814,near Baner temple,2026-09-16T11:31:11.285724+00:00,resolved,2026-09-18T10:36:40.461372+00:00,3,,0,0,train
SYN00367,S178,"Aundh me street light ek hafte se band hai, do accident ho chuke hain, school ke bilkul paas",hinglish,streetlight,W09,18.537722,73.798971,at Aundh chowk,2026-09-16T16:59:03.939733+00:00,open,,4,accident_risk|near_school,0,0,train
SYN00061,S268,"A large tree branch near Yerawada chowk is about to fall, right next to the school, it has been like this for two weeks",en,tree_fall_hazard,W08,18.559973,73.885068,at Yerawada chowk,2026-09-16T20:14:30.184797+00:00,resolved,2026-09-23T02:30:12.094452+00:00,3,near_school,0,0,test
SYN00255,S119,"कोंढवा मध्ये पथदिवा आठवडाभरापासून बंद आहे, दोन अपघात झाले आहेत",mr,streetlight,W06,18.475497,73.889855,near Kondhwa chowk,2026-09-16T20:42:04.590959+00:00,open,,4,accident_risk,0,0,train
SYN00291,C014,"Yerawada me stray dogs bacchon ke peeche bhagte hain, do accident ho chuke hain, ye bahut khatarnak hai",hinglish,stray_animals,W08,18.541889,73.902478,at Yerawada school,2026-09-17T01:04:59.389529+00:00,resolved,2026-09-18T00:22:48.593000+00:00,4,accident_risk,0,0,train
SYN00427,S148,"हिंजवडी चौक जवळ पथदिवा आठवडाभरापासून बंद आहे, शाळेच्या अगदी जवळ, उघडी वीज तार लोंबकळत आहे, हे खूप धोकादायक आहे",mr,streetlight,W12,18.616407,73.740781,at Hinjewadi chowk,2026-09-17T01:11:38.373822+00:00,resolved,2026-09-18T16:53:45.722986+00:00,5,near_school|live_wire,0,0,train
SYN00272,C021,"The public toilet opposite Yerawada petrol pump has been locked for weeks, it has been like this for two weeks",en,other,W08,18.55466,73.875105,near Yerawada petrol pump,2026-09-17T02:26:04.189397+00:00,open,,3,,0,0,train
SYN00398,C010,"औंध उद्यान येथे कित्येक दिवसांपासून कचरा उचलला नाही, रुग्णालयाच्या बाहेरच, कृपया लवकर दुरुस्त करा",mr,garbage_waste,W09,18.559698,73.811998,opposite Aundh garden,2026-09-17T02:40:01.691233+00:00,resolved,2026-09-17T19:00:57.834566+00:00,3,near_hospital,0,0,train
SYN00073,S091,"येरवडा बस स्टॉप के पास सड़क पर बड़ा गड्ढा है, दो हफ्ते से ऐसा ही है",hi,pothole_road,W08,18.56245,73.89722,near Yerawada bus stop,2026-09-17T02:49:38.116565+00:00,open,,3,,0,0,test
SYN00234,S161,"हिंजवडी मध्ये कित्येक दिवसांपासून कचरा उचलला नाही, रुग्णालयाच्या बाहेरच, दोन आठवड्यांपासून असेच आहे",mr,garbage_waste,W12,18.573437,73.750619,opposite Hinjewadi dairy,2026-09-17T03:18:13.708238+00:00,resolved,2026-09-17T20:40:37.884445+00:00,3,near_hospital,0,0,train
SYN00347,C005,"बाणेर उद्यान के सामने नाली पूरी तरह जाम है और बह रही है, मच्छर और बीमारी फैल रही है, कई दिनों से पानी भरा है मुझसे resident15775@example.com पर संपर्क करें।",hi,drainage_sewage,W10,18.555955,73.788408,in Baner,2026-09-17T03:45:10.039423+00:00,open,,4,health_risk|flooding,0,1,train
SYN00219,S288,"The streetlight near Shivajinagar temple has not been working for a week, an open electric wire is hanging there, this is very dangerous My number is 9822037104.",en,streetlight,W01,18.551038,73.854506,near Shivajinagar temple,2026-09-17T03:52:30.395054+00:00,resolved,2026-09-17T10:11:20.378545+00:00,5,live_wire,0,1,train
SYN00230,S068,"वाकड शाळा समोर रस्त्यावर मोठा खड्डा आहे, शाळेच्या अगदी जवळ, कित्येक दिवस पाणी साचले आहे, हे खूप धोकादायक आहे",mr,pothole_road,W11,18.599386,73.808251,at Wakad school,2026-09-17T07:25:18.096035+00:00,resolved,2026-09-18T15:21:19.860982+00:00,4,near_school|flooding,1,0,train
SYN00275,C021,"येरवडा में सूचना पट्ट गिर गया है, कृपया जल्दी ठीक कराइए",hi,other,W08,18.554519,73.875189,opposite Yerawada petrol pump,2026-09-17T09:16:57.260428+00:00,open,,3,,1,0,train
SYN00324,C034,"येरवडा पूल समोर खोल खड्डा आहे, दुचाकी घसरत आहेत, दोन आठवड्यांपासून असेच आहे",mr,pothole_road,W08,18.566083,73.89199,near Yerawada bridge,2026-09-17T10:23:21.560166+00:00,resolved,2026-09-10T19:18:57.944991+00:00,3,,0,0,train
SYN00370,S240,"औंध पेट्रोल पंप पर तीन दिन से पानी नहीं आ रहा, मच्छर और बीमारी फैल रही है, कृपया जल्दी ठीक कराइए मेरा नंबर 9822076459 है।",hi,water_supply,W09,18.553735,73.793423,near Aundh petrol pump,2026-09-17T10:41:33.537133+00:00,resolved,2026-09-19T16:14:04.162332+00:00,3,health_risk,0,1,train
SYN00031,S041,Katraj market pe ped ki badi daali girne wali hai,hinglish,tree_fall_hazard,W05,18.434717,73.871299,opposite Katraj market,2026-09-17T10:49:27.836491+00:00,open,,3,,0,0,test
SYN00299,S261,"वाकड मंडई जवळ पथदिवा आठवडाभरापासून बंद आहे, दोन अपघात झाले आहेत",mr,streetlight,W11,18.608406,73.806156,near Wakad market,2026-09-17T11:20:30.700790+00:00,resolved,2026-09-19T10:33:21.061188+00:00,4,accident_risk,0,0,train
SYN00200,C028,"येरवडा सोसायटी के पास कई दिनों से कचरा नहीं उठाया गया, अस्पताल के ठीक बाहर, मच्छर और बीमारी फैल रही है, यह बहुत खतरनाक है",hi,garbage_waste,W08,18.561098,73.867218,near Yerawada society,2026-09-17T11:31:17.191037+00:00,open,,2,near_hospital|health_risk,1,0,train
SYN00071,S277,"येरवडा में आवारा कुत्तों का झुंड बच्चों के पीछे भागता है, दो हादसे हो चुके हैं, दो हफ्ते से ऐसा ही है",hi,stray_animals,W08,18.550172,73.877193,opposite Yerawada school,2026-09-17T12:24:12.259243+00:00,open,,4,accident_risk,0,0,test
SYN00283,C011,"हडपसर सोसायटी समोर नळाला गढूळ पाणी येत आहे, रुग्णालयाच्या बाहेरच, डास आणि आजार पसरत आहेत, दोन आठवड्यांपासून असेच आहे",mr,water_supply,W07,18.526957,73.93337,opposite Hadapsar society,2026-09-17T12:33:42.143280+00:00,resolved,2026-09-13T16:03:06.518542+00:00,3,near_hospital|health_risk,1,0,train
SYN00106,C006,"वारजे चौक पर फेरीवालों ने फुटपाथ पर कब्जा कर लिया है, दो हादसे हो चुके हैं, कृपया जल्दी ठीक कराइए",hi,encroachment_illegal_parking,W04,18.483477,73.790301,at Warje chowk,2026-09-17T12:48:21.725676+00:00,resolved,2026-09-12T00:51:35.579086+00:00,4,accident_risk,0,0,train
SYN00053,S286,कोंढवा मध्ये गटार पूर्ण तुंबले आहे आणि वाहत आहे,mr,drainage_sewage,W06,18.452654,73.884557,near Kondhwa market,2026-09-17T13:38:26.765704+00:00,open,,3,,1,0,test
SYN00150,S113,"वाकड चौक पर फेरीवालों ने फुटपाथ पर कब्जा कर लिया है, दो हादसे हो चुके हैं, यह बहुत खतरनाक है",hi,encroachment_illegal_parking,W11,18.608087,73.796133,in Wakad,2026-09-17T14:19:20.124907+00:00,open,,4,accident_risk,0,0,train
SYN00348,C005,"बाणेर उद्यान येथे मॅनहोलचे झाकण नाही, खूप धोकादायक आहे, डास आणि आजार पसरत आहेत, कित्येक दिवस पाणी साचले आहे, दोन आठवड्यांपासून असेच आहे",mr,drainage_sewage,W10,18.556448,73.788858,in Baner,2026-09-17T14:51:16.201426+00:00,open,,4,health_risk|flooding,1,0,train
SYN00377,S183,"Wakad dairy ke paas nali puri jam hai aur overflow ho rahi hai, kai din se paani bhara hai",hinglish,drainage_sewage,W11,18.594954,73.793203,at Wakad dairy,2026-09-17T17:03:44.492331+00:00,open,,4,flooding,0,0,train
SYN00273,C021,"येरवडा पेट्रोल पंप जवळ बस थांब्याचे छप्पर तुटले आहे, कृपया लवकर दुरुस्त करा",mr,other,W08,18.554701,73.875438,opposite Yerawada petrol pump,2026-09-17T18:01:35.166715+00:00,open,,3,,1,0,train
SYN00038,S206,"There has been no water supply near Katraj school for three days, mosquitoes and disease are spreading",en,water_supply,W05,18.436144,73.870543,at Katraj school,2026-09-17T18:27:11.081231+00:00,resolved,2026-09-18T21:53:09.159436+00:00,3,health_risk,0,0,test
SYN00400,C010,"The bin near Aundh garden is overflowing and nobody clears it, just outside the hospital, please fix it urgently",en,garbage_waste,W09,18.559939,73.812308,at Aundh garden,2026-09-17T18:42:06.189519+00:00,resolved,2026-09-17T19:00:57.834566+00:00,3,near_hospital,0,0,train
SYN00016,S217,"Aundh me road pe bada gaddha hai, kripya jaldi theek karo",hinglish,pothole_road,W09,18.542226,73.810633,opposite Aundh temple,2026-09-17T20:09:58.909680+00:00,open,,3,,0,0,test
SYN00271,S284,"Hinjewadi market pe nali puri jam hai aur overflow ho rahi hai, machhar aur bimari fail rahi hai, kripya jaldi theek karo",hinglish,drainage_sewage,W12,18.591623,73.740753,opposite Hinjewadi market,2026-09-17T22:24:36.969164+00:00,resolved,2026-09-18T17:52:45.348843+00:00,2,health_risk,1,0,train
SYN00083,S051,"हिंजवडी मध्ये फेरीवाल्यांनी पदपथावर अतिक्रमण केले आहे, दोन अपघात झाले आहेत, हे खूप धोकादायक आहे",mr,encroachment_illegal_parking,W12,18.592129,73.726911,at Hinjewadi dairy,2026-09-17T23:46:48.641621+00:00,open,,4,accident_risk,0,0,test
SYN00181,S203,"Baner bridge pe kai din se kachra nahi uthaya, hospital ke bahar hi, school ke bilkul paas, kripya jaldi theek karo",hinglish,garbage_waste,W10,18.55456,73.799531,at Baner bridge,2026-09-18T01:17:03.116452+00:00,resolved,2026-09-19T15:58:52.151632+00:00,3,near_hospital|near_school,1,0,train
SYN00231,S105,"हडपसर पूल समोर गटार पूर्ण तुंबले आहे आणि वाहत आहे, दोन आठवड्यांपासून असेच आहे",mr,drainage_sewage,W07,18.498811,73.935907,in Hadapsar,2026-09-18T01:51:47.270937+00:00,resolved,2026-09-20T12:53:34.640793+00:00,3,,0,0,train
SYN00214,S004,"बाणेर मध्ये पथदिवा आठवडाभरापासून बंद आहे, दोन आठवड्यांपासून असेच आहे",mr,streetlight,W10,18.56084,73.79268,at Baner dairy,2026-09-18T02:26:46.751664+00:00,open,,2,,0,0,train
SYN00409,S093,"वाकड मध्ये गटार पूर्ण तुंबले आहे आणि वाहत आहे, कित्येक दिवस पाणी साचले आहे, हे खूप धोकादायक आहे",mr,drainage_sewage,W11,18.581682,73.809636,in Wakad,2026-09-18T02:49:36.623305+00:00,open,,4,flooding,0,0,train
SYN00093,S185,"कोथरूड मंदिर पर सार्वजनिक शौचालय हफ्तों से बंद है, कृपया जल्दी ठीक कराइए",hi,other,W03,18.507459,73.807351,opposite Kothrud temple,2026-09-18T04:54:25.180060+00:00,resolved,2026-09-19T06:20:24.104085+00:00,3,,0,0,test
SYN00059,S170,"Baner school ke paas nali puri jam hai aur overflow ho rahi hai, school ke bilkul paas, machhar aur bimari fail rahi hai, kripya jaldi theek karo",hinglish,drainage_sewage,W10,18.559813,73.786391,at Baner school,2026-09-18T05:48:15.863048+00:00,open,,2,near_school|health_risk,1,0,test
SYN00099,S270,"वारजे शाळा जवळ सार्वजनिक शौचालय कित्येक आठवडे बंद आहे, हे खूप धोकादायक आहे",mr,other,W04,18.482717,73.825024,opposite Warje school,2026-09-18T06:28:20.936690+00:00,resolved,2026-09-20T09:44:43.803593+00:00,3,,0,0,train
SYN00105,C006,"वारजे में हर शाम ठेले रास्ता रोकते हैं, दो हादसे हो चुके हैं मुझसे resident40756@example.com पर संपर्क करें।",hi,encroachment_illegal_parking,W04,18.483721,73.790671,opposite Warje chowk,2026-09-18T06:32:07.942423+00:00,resolved,2026-09-12T00:51:35.579086+00:00,4,accident_risk,0,1,train
SYN00126,S101,"कात्रज डेअरी समोर गटार पूर्ण तुंबले आहे आणि वाहत आहे, मॅनहोलचे झाकण नाही, हे खूप धोकादायक आहे",mr,drainage_sewage,W05,18.465195,73.887975,opposite Katraj dairy,2026-09-18T10:54:17.010239+00:00,resolved,2026-09-20T01:00:33.546035+00:00,5,open_manhole,0,0,train
SYN00245,C041,"Baner dairy pe awara jaanwar rasta rok rahe hain, ye bahut khatarnak hai",hinglish,stray_animals,W10,18.559072,73.793297,near Baner dairy,2026-09-18T11:58:58.318475+00:00,open,,3,,0,0,train
SYN00290,S283,"Hawkers have encroached the footpath near Aundh temple, two accidents have already happened, this is very dangerous",en,encroachment_illegal_parking,W09,18.558054,73.817436,in Aundh,2026-09-18T12:36:58.550854+00:00,resolved,2026-09-18T20:35:18.118929+00:00,4,accident_risk,1,0,train
SYN00156,S007,"बाणेर डेअरी येथे फेरीवाल्यांनी पदपथावर अतिक्रमण केले आहे, दोन अपघात झाले आहेत, दोन आठवड्यांपासून असेच आहे",mr,encroachment_illegal_parking,W10,18.582967,73.782795,at Baner dairy,2026-09-18T14:42:00.151811+00:00,open,,4,accident_risk,0,0,train
SYN00009,S249,"The drain at Hinjewadi society is completely blocked and overflowing, right next to the school",en,drainage_sewage,W12,18.577874,73.743223,opposite Hinjewadi society,2026-09-18T15:05:07.529102+00:00,resolved,2026-09-20T09:16:41.428195+00:00,3,near_school,0,0,test
SYN00081,S110,"कोंढवा पुल के सामने सड़क पर बड़ा गड्ढा है, स्कूल के बिल्कुल पास, दो हादसे हो चुके हैं, दो हफ्ते से ऐसा ही है",hi,pothole_road,W06,18.470284,73.880083,in Kondhwa,2026-09-18T15:11:08.418655+00:00,open,,4,near_school|accident_risk,0,0,test
SYN00191,S076,"स्वारगेट पेट्रोल पंप के सामने स्ट्रीट लाइट एक हफ्ते से बंद है, खुला बिजली का तार लटक रहा है, स्कूल के बिल्कुल पास, दो हफ्ते से ऐसा ही है",hi,streetlight,W02,18.486237,73.841605,opposite Swargate petrol pump,2026-09-18T15:55:50.567427+00:00,open,,5,live_wire|near_school,0,0,train
SYN00414,S202,"Shivajinagar mandir ke saamne nali puri jam hai aur overflow ho rahi hai, manhole ka dhakkan gayab hai, machhar aur bimari fail rahi hai, kripya jaldi theek karo Gaadi MH12BW6336.",hinglish,drainage_sewage,W01,18.527433,73.856935,in Shivajinagar,2026-09-18T17:28:32.085415+00:00,open,,5,open_manhole|health_risk,1,1,train
SYN00026,C009,"हिंजवडी चौक समोर रस्त्यावर मोठा खड्डा आहे, शाळेच्या अगदी जवळ, हे खूप धोकादायक आहे",mr,pothole_road,W12,18.585621,73.761236,at Hinjewadi chowk,2026-09-18T18:03:54.744900+00:00,resolved,2026-09-20T13:14:28.333960+00:00,3,near_school,0,0,test
SYN00062,S279,"Baner me kai din se kachra nahi uthaya, machhar aur bimari fail rahi hai, hospital ke bahar hi",hinglish,garbage_waste,W10,18.556656,73.786631,at Baner garden,2026-09-18T18:31:18.442425+00:00,resolved,2026-09-20T22:40:10.185858+00:00,3,health_risk|near_hospital,0,0,test
SYN00379,S127,"Baner me nali puri jam hai aur overflow ho rahi hai, do hafte se aisa hi hai",hinglish,drainage_sewage,W10,18.576388,73.769008,near Baner petrol pump,2026-09-18T18:58:27.893084+00:00,open,,3,,0,0,train
SYN00138,S171,"Garbage has not been collected at Shivajinagar school for several days, just outside the hospital, please fix it urgently",en,garbage_waste,W01,18.545667,73.847087,at Shivajinagar school,2026-09-18T21:45:10.535646+00:00,resolved,2026-09-19T21:13:57.153225+00:00,3,near_hospital,0,0,train
SYN00292,C014,"Stray cattle near Yerawada school are blocking the road, two accidents have already happened, please fix it urgently",en,stray_animals,W08,18.541772,73.901914,at Yerawada school,2026-09-18T23:21:51.794382+00:00,resolved,2026-09-18T00:22:48.593000+00:00,4,accident_risk,0,0,train
SYN00028,C009,"The road opposite Hinjewadi chowk is badly broken and full of holes, right next to the school, this is very dangerous",en,pothole_road,W12,18.585712,73.760867,opposite Hinjewadi chowk,2026-09-18T23:51:01.401392+00:00,resolved,2026-09-20T13:14:28.333960+00:00,3,near_school,1,0,test
SYN00149,S289,"There is a big pothole on the road near Wakad temple, water has been logged for days, right next to the school, it has been like this for two weeks",en,pothole_road,W11,18.600598,73.79293,opposite Wakad temple,2026-09-19T00:23:42.627529+00:00,resolved,2026-09-20T20:59:20.133230+00:00,4,flooding|near_school,0,0,train
SYN00100,C024,"कोथरूड मध्ये पथदिवा आठवडाभरापासून बंद आहे, दोन अपघात झाले आहेत, हे खूप धोकादायक आहे",mr,streetlight,W03,18.51557,73.80128,at Kothrud bridge,2026-09-19T00:53:09.520340+00:00,open,,4,accident_risk,0,0,train
SYN00344,S121,"येरवडा पेट्रोल पंप के सामने आवारा कुत्तों का झुंड बच्चों के पीछे भागता है, यह बहुत खतरनाक है",hi,stray_animals,W08,18.562163,73.885476,near Yerawada petrol pump,2026-09-19T01:33:19.166818+00:00,resolved,2026-09-26T08:43:43.512796+00:00,3,,0,0,train
SYN00141,S103,"Swargate school pe road pe bada gaddha hai, school ke bilkul paas, kai din se paani bhara hai, kripya jaldi theek karo",hinglish,pothole_road,W02,18.487842,73.841199,near Swargate school,2026-09-19T02:50:12.024073+00:00,resolved,2026-09-20T20:08:19.514416+00:00,4,near_school|flooding,0,0,train
SYN00382,S053,"Kothrud mandir ke paas kai din se kachra nahi uthaya, hospital ke bahar hi, machhar aur bimari fail rahi hai, kripya jaldi theek karo",hinglish,garbage_waste,W03,18.484468,73.811844,in Kothrud,2026-09-19T03:06:25.783364+00:00,resolved,2026-09-19T14:34:12.269334+00:00,2,near_hospital|health_risk,0,0,train
SYN00421,S102,"There is a big pothole on the road in Kothrud, water has been logged for days",en,pothole_road,W03,18.487195,73.7937,at Kothrud bus stop,2026-09-19T05:28:12.708409+00:00,resolved,2026-09-19T15:32:01.325988+00:00,4,flooding,1,0,train
SYN00259,S012,"स्वारगेट डेअरी समोर सार्वजनिक शौचालय कित्येक आठवडे बंद आहे, हे खूप धोकादायक आहे",mr,other,W02,18.49984,73.858092,opposite Swargate dairy,2026-09-19T07:39:26.419733+00:00,resolved,2026-09-20T18:05:42.315047+00:00,3,,0,0,train
SYN00285,S233,Hinjewadi me public toilet kai hafte se band hai,hinglish,other,W12,18.569184,73.755112,in Hinjewadi,2026-09-19T07:44:25.347954+00:00,open,,3,,0,0,train
SYN00399,C010,"Aundh me kachre ka dher hai, badbu aa rahi hai, hospital ke bahar hi, do hafte se aisa hi hai",hinglish,garbage_waste,W09,18.559618,73.812146,opposite Aundh garden,2026-09-19T09:32:12.608551+00:00,resolved,2026-09-17T19:00:57.834566+00:00,3,near_hospital,0,0,train
SYN00158,S116,"हिंजवडी मध्ये कित्येक दिवसांपासून कचरा उचलला नाही, दोन आठवड्यांपासून असेच आहे",mr,garbage_waste,W12,18.597451,73.739988,in Hinjewadi,2026-09-19T11:46:12.017370+00:00,resolved,2026-09-21T08:24:03.663662+00:00,3,,0,0,train
SYN00408,S285,"औंध पेट्रोल पंप समोर फेरीवाल्यांनी पदपथावर अतिक्रमण केले आहे, दोन अपघात झाले आहेत, हे खूप धोकादायक आहे",mr,encroachment_illegal_parking,W09,18.543585,73.799758,in Aundh,2026-09-19T11:54:36.332462+00:00,resolved,2026-09-20T11:49:28.274507+00:00,4,accident_risk,1,0,train
SYN00297,C015,"The streetlight in Katraj has not been working for a week, right next to the school, it has been like this for two weeks",en,streetlight,W05,18.457826,73.888299,at Katraj dairy,2026-09-19T14:29:39.702366+00:00,resolved,2026-09-22T02:28:15.049027+00:00,3,near_school,0,0,train
SYN00032,S275,"बाणेर बस थांबा जवळ गटार पूर्ण तुंबले आहे आणि वाहत आहे, कित्येक दिवस पाणी साचले आहे, दोन आठवड्यांपासून असेच आहे",mr,drainage_sewage,W10,18.564379,73.769491,in Baner,2026-09-19T14:51:58.442437+00:00,resolved,2026-09-21T01:04:49.601489+00:00,4,flooding,1,0,test
SYN00025,S184,"औंध पुल के सामने सड़क पर बड़ा गड्ढा है, स्कूल के बिल्कुल पास, कृपया जल्दी ठीक कराइए",hi,pothole_road,W09,18.552126,73.80259,in Aundh,2026-09-19T16:21:54.502246+00:00,resolved,2026-09-20T20:05:23.599465+00:00,2,near_school,0,0,test
SYN00213,S060,"औंध पूल जवळ कित्येक दिवसांपासून कचरा उचलला नाही, शाळेच्या अगदी जवळ, कृपया लवकर दुरुस्त करा",mr,garbage_waste,W09,18.543042,73.822909,at Aundh bridge,2026-09-19T17:26:39.672967+00:00,resolved,2026-09-22T04:18:52.776205+00:00,3,near_school,0,0,train
SYN00027,C009,"Hinjewadi me gehra gaddha hai, gaadi girti hai, school ke bilkul paas, do hafte se aisa hi hai",hinglish,pothole_road,W12,18.58564,73.761211,at Hinjewadi chowk,2026-09-19T19:01:53.346453+00:00,resolved,2026-09-20T13:14:28.333960+00:00,3,near_school,0,0,test
SYN00212,S035,"कोथरूड मध्ये पथदिवा आठवडाभरापासून बंद आहे, दोन अपघात झाले आहेत, हे खूप धोकादायक आहे",mr,streetlight,W03,18.527122,73.799158,at Kothrud petrol pump,2026-09-19T21:16:52.583529+00:00,resolved,2026-09-21T11:16:42.936653+00:00,4,accident_risk,1,0,train
SYN00118,C038,"येरवडा मंदिर जवळ फेरीवाल्यांनी पदपथावर अतिक्रमण केले आहे, दोन अपघात झाले आहेत, कृपया लवकर दुरुस्त करा",mr,encroachment_illegal_parking,W08,18.558432,73.861287,in Yerawada,2026-09-19T22:14:33.858827+00:00,open,,4,accident_risk,0,0,train
SYN00197,S000,"There is a big pothole on the road in Shivajinagar, right next to the school, two accidents have already happened, this is very dangerous",en,pothole_road,W01,18.534323,73.843673,near Shivajinagar chowk,2026-09-20T01:51:28.502446+00:00,resolved,2026-09-21T18:18:55.059231+00:00,4,near_school|accident_risk,0,0,train
SYN00029,S266,"There has been no water supply opposite Warje chowk for three days, mosquitoes and disease are spreading, just outside the hospital",en,water_supply,W04,18.470675,73.80603,in Warje,2026-09-20T04:05:26.977701+00:00,resolved,2026-09-21T10:15:49.542715+00:00,4,health_risk|near_hospital,0,0,test
SYN00201,C028,"A huge garbage pile near Yerawada society is rotting and smelling, just outside the hospital, mosquitoes and disease are spreading, this is very dangerous Contact me at resident93773@example.com.",en,garbage_waste,W08,18.561305,73.867494,at Yerawada society,2026-09-20T04:28:50.797455+00:00,open,,2,near_hospital|health_risk,0,1,train
SYN00276,S111,"कात्रज बस थांबा जवळ रस्त्यावर मोठा खड्डा आहे, शाळेच्या अगदी जवळ, कृपया लवकर दुरुस्त करा",mr,pothole_road,W05,18.43726,73.885747,near Katraj bus stop,2026-09-20T04:46:12.789914+00:00,resolved,2026-09-20T11:02:19.539955+00:00,2,near_school,0,0,train
SYN00198,S104,वारजे मंदिर येथे सार्वजनिक शौचालय कित्येक आठवडे बंद आहे,mr,other,W04,18.498993,73.827963,at Warje temple,2026-09-20T05:15:47.182569+00:00,open,,3,,0,0,train
SYN00145,S258,"कोंढवा पेट्रोल पंप येथे गटार पूर्ण तुंबले आहे आणि वाहत आहे, डास आणि आजार पसरत आहेत, कृपया लवकर दुरुस्त करा",mr,drainage_sewage,W06,18.463842,73.892933,near Kondhwa petrol pump,2026-09-20T07:15:07.652106+00:00,resolved,2026-09-23T09:00:12.385263+00:00,4,health_risk,0,0,train
SYN00246,C041,"बाणेर में सूअरों से बीमारी फैल रही है, कृपया जल्दी ठीक कराइए",hi,stray_animals,W10,18.559642,73.7933,in Baner,2026-09-20T08:58:42.587040+00:00,open,,3,,0,0,train
SYN00001,S138,"वारजे मध्ये तीन दिवसांपासून पाणी येत नाही, रुग्णालयाच्या बाहेरच, डास आणि आजार पसरत आहेत, कृपया लवकर दुरुस्त करा गाडी MH12AD3184.",mr,water_supply,W04,18.49072,73.832107,at Warje petrol pump,2026-09-20T10:00:47.713808+00:00,resolved,2026-09-22T19:31:17.760228+00:00,3,near_hospital|health_risk,0,1,test
SYN00133,C025,"Baner petrol pump ke saamne public toilet kai hafte se band hai, ye bahut khatarnak hai",hinglish,other,W10,18.552187,73.786276,in Baner,2026-09-20T11:37:55.268040+00:00,resolved,2026-09-22T12:25:33.469890+00:00,3,,0,0,train
SYN00012,S049,"There has been no water supply near Warje school for three days, just outside the hospital, mosquitoes and disease are spreading, please fix it urgently",en,water_supply,W04,18.480326,73.806683,opposite Warje school,2026-09-20T13:04:01.094673+00:00,resolved,2026-09-22T01:31:29.941801+00:00,3,near_hospital|health_risk,0,0,test
SYN00313,C018,"वारजे मध्ये गटार पूर्ण तुंबले आहे आणि वाहत आहे, दोन आठवड्यांपासून असेच आहे",mr,drainage_sewage,W04,18.468398,73.811949,opposite Warje garden,2026-09-20T18:18:35.330811+00:00,resolved,2026-09-21T07:35:06.487638+00:00,3,,0,0,train
SYN00314,C018,"Manhole cover opposite Warje garden is missing, it is very dangerous",en,drainage_sewage,W04,18.468319,73.811546,near Warje garden,2026-09-20T21:05:42.452910+00:00,resolved,2026-09-21T07:35:06.487638+00:00,3,,1,0,train
SYN00134,C025,"बाणेर मध्ये बस थांब्याचे छप्पर तुटले आहे, कृपया लवकर दुरुस्त करा",mr,other,W10,18.552629,73.786407,at Baner petrol pump,2026-09-21T02:53:20.329455+00:00,resolved,2026-09-22T12:25:33.469890+00:00,3,,0,0,train
SYN00101,C024,"कोथरूड पुल पर रात में पूरा अंधेरा रहता है, लाइट नहीं जलती, दो हादसे हो चुके हैं, कृपया जल्दी ठीक कराइए",hi,streetlight,W03,18.515096,73.800668,in Kothrud,2026-09-21T04:34:36.753142+00:00,open,,4,accident_risk,0,0,train
SYN00010,S064,"कोथरूड मंडई येथे सार्वजनिक शौचालय कित्येक आठवडे बंद आहे, हे खूप धोकादायक आहे माझा नंबर 9822082812 आहे.",mr,other,W03,18.504272,73.798571,near Kothrud market,2026-09-21T07:11:50.030432+00:00,resolved,2026-09-21T14:08:35.360575+00:00,3,,0,1,test
SYN00225,C004,"हिंजवडी सोसायटी जवळ कित्येक दिवसांपासून कचरा उचलला नाही, रुग्णालयाच्या बाहेरच, डास आणि आजार पसरत आहेत, दोन आठवड्यांपासून असेच आहे",mr,garbage_waste,W12,18.593862,73.728099,in Hinjewadi,2026-09-21T08:16:29.032554+00:00,open,,3,near_hospital|health_risk,0,0,train
SYN00341,S196,"Yerawada garden ke paas road pe bada gaddha hai, kai din se paani bhara hai, do hafte se aisa hi hai",hinglish,pothole_road,W08,18.555438,73.860573,opposite Yerawada garden,2026-09-21T08:29:18.223091+00:00,open,,4,flooding,1,0,train
SYN00114,C029,"औंध सोसायटी समोर गटार पूर्ण तुंबले आहे आणि वाहत आहे, मॅनहोलचे झाकण नाही, हे खूप धोकादायक आहे",mr,drainage_sewage,W09,18.558677,73.813011,opposite Aundh society,2026-09-21T09:34:40.091841+00:00,resolved,2026-09-22T13:11:15.123397+00:00,5,open_manhole,1,0,train
SYN00082,S201,"स्वारगेट मध्ये कित्येक दिवसांपासून कचरा उचलला नाही, हे खूप धोकादायक आहे",mr,garbage_waste,W02,18.522312,73.862785,near Swargate bus stop,2026-09-21T13:12:27.835496+00:00,resolved,2026-09-22T20:10:59.749286+00:00,3,,1,0,test
SYN00092,S084,"Hinjewadi bridge pe nali puri jam hai aur overflow ho rahi hai, school ke bilkul paas, kai din se paani bhara hai, kripya jaldi theek karo",hinglish,drainage_sewage,W12,18.612029,73.736903,near Hinjewadi bridge,2026-09-21T14:46:51.406358+00:00,open,,4,near_school|flooding,0,0,test
SYN00187,C026,"Deep pothole near Yerawada school, two-wheelers keep falling, two accidents have already happened, water has been logged for days, it has been like this for two weeks",en,pothole_road,W08,18.566473,73.871662,in Yerawada,2026-09-21T14:49:18.330340+00:00,open,,4,accident_risk|flooding,0,0,train
SYN00274,C021,"Yerawada petrol pump ke paas park ki bench tod di gayi hai, do hafte se aisa hi hai",hinglish,other,W08,18.554472,73.875452,opposite Yerawada petrol pump,2026-09-21T16:01:58.395654+00:00,open,,3,,0,0,train
SYN00277,S061,"Garbage has not been collected opposite Hadapsar temple for several days, mosquitoes and disease are spreading",en,garbage_waste,W07,18.509539,73.907469,at Hadapsar temple,2026-09-21T16:39:31.943468+00:00,resolved,2026-09-23T09:55:18.985746+00:00,3,health_risk,0,0,train
SYN00045,S081,"The streetlight near Wakad market has not been working for a week, an open electric wire is hanging there, right next to the school",en,streetlight,W11,18.604104,73.791667,near Wakad market,2026-09-21T16:43:26.642836+00:00,resolved,2026-09-23T18:34:44.349691+00:00,5,live_wire|near_school,0,0,test
SYN00279,S156,"The public toilet at Shivajinagar bus stop has been locked for weeks, please fix it urgently",en,other,W01,18.551452,73.836669,near Shivajinagar bus stop,2026-09-21T17:30:56.628866+00:00,open,,2,,0,0,train
SYN00207,C016,"कोथरूड चौक के सामने पेड़ की बड़ी शाखा गिरने वाली है, दो हादसे हो चुके हैं, खुला बिजली का तार लटक रहा है, दो हफ्ते से ऐसा ही है",hi,tree_fall_hazard,W03,18.50579,73.787921,near Kothrud chowk,2026-09-21T20:12:49.390595+00:00,open,,5,accident_risk|live_wire,0,0,train
SYN00022,C033,"कोंढवा पूल येथे गटार पूर्ण तुंबले आहे आणि वाहत आहे, कित्येक दिवस पाणी साचले आहे, मॅनहोलचे झाकण नाही",mr,drainage_sewage,W06,18.481225,73.884833,opposite Kondhwa bridge,2026-09-21T20:27:31.226980+00:00,open,,5,flooding|open_manhole,0,0,test
SYN00165,S222,"स्वारगेट पेट्रोल पंप समोर रस्त्यावर मोठा खड्डा आहे, दोन अपघात झाले आहेत, कृपया लवकर दुरुस्त करा",mr,pothole_road,W02,18.478046,73.857535,opposite Swargate petrol pump,2026-09-21T20:36:52.573029+00:00,open,,4,accident_risk,0,0,train
SYN00269,S229,"Garbage has not been collected in Katraj for several days, this is very dangerous",en,garbage_waste,W05,18.471439,73.886679,in Katraj,2026-09-21T20:51:00.571502+00:00,resolved,2026-09-23T04:38:10.247526+00:00,3,,0,0,train
SYN00383,S067,"कोंढवा मध्ये पथदिवा आठवडाभरापासून बंद आहे, उघडी वीज तार लोंबकळत आहे, दोन अपघात झाले आहेत, हे खूप धोकादायक आहे",mr,streetlight,W06,18.466301,73.889225,in Kondhwa,2026-09-21T21:50:58.046123+00:00,open,,5,live_wire|accident_risk,0,0,train
SYN00339,S215,"शिवाजीनगर उद्यान पर तीन दिन से पानी नहीं आ रहा, अस्पताल के ठीक बाहर, दो हफ्ते से ऐसा ही है",hi,water_supply,W01,18.530273,73.846311,near Shivajinagar garden,2026-09-21T23:37:23.727371+00:00,resolved,2026-09-23T18:55:56.256663+00:00,3,near_hospital,1,0,train
SYN00146,S048,"येरवडा मध्ये रस्त्यावर मोठा खड्डा आहे, हे खूप धोकादायक आहे",mr,pothole_road,W08,18.563837,73.888633,opposite Yerawada bridge,2026-09-21T23:47:58.989644+00:00,open,,3,,1,0,train
SYN00226,C004,"A huge garbage pile opposite Hinjewadi society is rotting and smelling, just outside the hospital, mosquitoes and disease are spreading, please fix it urgently",en,garbage_waste,W12,18.593525,73.728609,at Hinjewadi society,2026-09-22T01:15:02.016732+00:00,open,,3,near_hospital|health_risk,0,0,train
SYN00406,S164,"The streetlight opposite Wakad market has not been working for a week, an open electric wire is hanging there, it has been like this for two weeks",en,streetlight,W11,18.598616,73.811738,in Wakad,2026-09-22T03:56:11.042954+00:00,resolved,2026-09-23T20:35:11.710829+00:00,5,live_wire,0,0,train
SYN00208,C016,"The tree opposite Kothrud chowk fell during the rain and blocks the road, two accidents have already happened, an open electric wire is hanging there, this is very dangerous",en,tree_fall_hazard,W03,18.50578,73.788476,in Kothrud,2026-09-22T04:10:39.999636+00:00,open,,5,accident_risk|live_wire,0,0,train
SYN00218,S147,"The streetlight near Katraj garden has not been working for a week, an open electric wire is hanging there, please fix it urgently",en,streetlight,W05,18.462177,73.866744,opposite Katraj garden,2026-09-22T05:34:30.089482+00:00,resolved,2026-09-22T22:57:30.270012+00:00,5,live_wire,0,0,train
SYN00202,C028,"Yerawada society pe dustbin bhar gaya hai koi saaf nahi karta, hospital ke bahar hi, machhar aur bimari fail rahi hai",hinglish,garbage_waste,W08,18.561335,73.867715,in Yerawada,2026-09-22T05:47:07.679812+00:00,open,,2,near_hospital|health_risk,1,0,train
SYN00293,C014,"येरवडा स्कूल के पास सूअरों से बीमारी फैल रही है, दो हादसे हो चुके हैं, यह बहुत खतरनाक है मेरा नंबर 9822019501 है।",hi,stray_animals,W08,18.541591,73.902248,at Yerawada school,2026-09-22T06:13:18.771193+00:00,resolved,2026-09-18T00:22:48.593000+00:00,4,accident_risk,0,1,train
SYN00080,S204,"हिंजवडी डेअरी जवळ पथदिवा आठवडाभरापासून बंद आहे, दोन अपघात झाले आहेत, उघडी वीज तार लोंबकळत आहे, दोन आठवड्यांपासून असेच आहे",mr,streetlight,W12,18.587113,73.737034,in Hinjewadi,2026-09-22T07:13:48.542548+00:00,resolved,2026-09-24T01:00:37.833808+00:00,5,accident_risk|live_wire,0,0,test
SYN00006,C040,"Kothrud society ke saamne street light ek hafte se band hai, kripya jaldi theek karo",hinglish,streetlight,W03,18.495613,73.811183,near Kothrud society,2026-09-22T07:17:29.288859+00:00,open,,3,,0,0,test
SYN00119,C038,"Yerawada me illegal parking se pura rasta band hai, do accident ho chuke hain",hinglish,encroachment_illegal_parking,W08,18.558457,73.861363,at Yerawada temple,2026-09-22T07:55:07.704267+00:00,open,,4,accident_risk,0,0,train
SYN00315,C018,"Warje garden ke paas road pe gandha pani beh raha hai, kripya jaldi theek karo",hinglish,drainage_sewage,W04,18.468254,73.811657,in Warje,2026-09-22T08:12:07.888012+00:00,resolved,2026-09-21T07:35:06.487638+00:00,3,,0,0,train
SYN00166,S162,"औंध शाळा येथे गटार पूर्ण तुंबले आहे आणि वाहत आहे, दोन आठवड्यांपासून असेच आहे गाडी MH12HM8836.",mr,drainage_sewage,W09,18.553325,73.815662,near Aundh school,2026-09-22T08:20:15.147778+00:00,resolved,2026-09-24T02:25:38.996312+00:00,2,,1,1,train
SYN00020,S157,"There is a big pothole on the road at Katraj chowk, water has been logged for days, it has been like this for two weeks",en,pothole_road,W05,18.454535,73.877636,near Katraj chowk,2026-09-22T09:52:57.477296+00:00,open,,4,flooding,0,0,test
SYN00332,S175,"Swargate chowk pe road pe bada gaddha hai, do accident ho chuke hain, school ke bilkul paas, kripya jaldi theek karo",hinglish,pothole_road,W02,18.500932,73.854837,opposite Swargate chowk,2026-09-22T10:49:37.894355+00:00,resolved,2026-09-23T14:29:04.106450+00:00,4,accident_risk|near_school,1,0,train
SYN00298,C015,"कात्रज डेअरी पर रात में पूरा अंधेरा रहता है, लाइट नहीं जलती, स्कूल के बिल्कुल पास, कृपया जल्दी ठीक कराइए",hi,streetlight,W05,18.457712,73.88833,opposite Katraj dairy,2026-09-22T11:04:42.630015+00:00,resolved,2026-09-22T02:28:15.049027+00:00,3,near_school,0,0,train
SYN00294,C014,"येरवडा शाळा येथे काल कुत्र्याने एका मुलाला चावले, दोन अपघात झाले आहेत, दोन आठवड्यांपासून असेच आहे",mr,stray_animals,W08,18.542046,73.902083,at Yerawada school,2026-09-22T12:36:34.463123+00:00,resolved,2026-09-18T00:22:48.593000+00:00,4,accident_risk,0,0,train
SYN00429,S211,"Yerawada me street light ek hafte se band hai, school ke bilkul paas, do hafte se aisa hi hai",hinglish,streetlight,W08,18.547746,73.883024,in Yerawada,2026-09-22T12:50:41.209560+00:00,open,,3,near_school,0,0,train
SYN00128,S210,"Hawkers have encroached the footpath at Warje market, two accidents have already happened, this is very dangerous",en,encroachment_illegal_parking,W04,18.483911,73.806326,at Warje market,2026-09-22T16:04:30.452935+00:00,open,,4,accident_risk,0,0,train
SYN00140,S176,"शिवाजीनगर उद्यान जवळ पथदिवा आठवडाभरापासून बंद आहे, उघडी वीज तार लोंबकळत आहे, शाळेच्या अगदी जवळ, हे खूप धोकादायक आहे माझा नंबर 9822095943 आहे.",mr,streetlight,W01,18.527488,73.848399,near Shivajinagar garden,2026-09-22T17:41:17.733243+00:00,resolved,2026-09-23T20:28:03.092288+00:00,5,live_wire|near_school,1,1,train
SYN00300,S281,"Hadapsar society ke saamne road pe bada gaddha hai, school ke bilkul paas, kai din se paani bhara hai, do hafte se aisa hi hai",hinglish,pothole_road,W07,18.528358,73.93357,in Hadapsar,2026-09-22T18:04:56.855190+00:00,open,,4,near_school|flooding,0,0,train
SYN00107,S141,"औंध मंडई समोर तीन दिवसांपासून पाणी येत नाही, डास आणि आजार पसरत आहेत, हे खूप धोकादायक आहे माझा नंबर 9822043198 आहे.",mr,water_supply,W09,18.550082,73.810052,in Aundh,2026-09-22T18:52:10.158313+00:00,open,,3,health_risk,0,1,train
SYN00359,S224,"Hinjewadi society pe kai din se kachra nahi uthaya, school ke bilkul paas, ye bahut khatarnak hai",hinglish,garbage_waste,W12,18.595392,73.74292,opposite Hinjewadi society,2026-09-22T19:06:00.532208+00:00,resolved,2026-09-24T06:53:05.775642+00:00,3,near_school,0,0,train
SYN00144,S247,"Swargate petrol pump pe street light ek hafte se band hai, do accident ho chuke hain, kripya jaldi theek karo Mujhe resident26279@example.com pe contact karo.",hinglish,streetlight,W02,18.495361,73.870265,near Swargate petrol pump,2026-09-22T20:57:23.674509+00:00,resolved,2026-09-24T12:33:42.659534+00:00,4,accident_risk,0,1,train
SYN00227,C004,"Hinjewadi society ke paas dustbin bhar gaya hai koi saaf nahi karta, hospital ke bahar hi, machhar aur bimari fail rahi hai, do hafte se aisa hi hai",hinglish,garbage_waste,W12,18.593692,73.728389,near Hinjewadi society,2026-09-22T21:42:28.767404+00:00,open,,3,near_hospital|health_risk,0,0,train
SYN00239,S146,"कोंढवा मंदिर पर नाली पूरी तरह जाम है और बह रही है, कृपया जल्दी ठीक कराइए",hi,drainage_sewage,W06,18.464689,73.902217,in Kondhwa,2026-09-22T21:43:06.850605+00:00,open,,2,,1,0,train
SYN00346,S072,"वाकड पुल पर तीन दिन से पानी नहीं आ रहा, अस्पताल के ठीक बाहर, मच्छर और बीमारी फैल रही है, दो हफ्ते से ऐसा ही है",hi,water_supply,W11,18.588649,73.765806,near Wakad bridge,2026-09-22T22:04:59.658095+00:00,resolved,2026-09-24T22:05:38.297370+00:00,3,near_hospital|health_risk,0,0,train
SYN00040,S125,"वारजे स्कूल के सामने स्ट्रीट लाइट एक हफ्ते से बंद है, खुला बिजली का तार लटक रहा है, स्कूल के बिल्कुल पास, कृपया जल्दी ठीक कराइए",hi,streetlight,W04,18.48561,73.825105,near Warje school,2026-09-22T22:11:44.756357+00:00,resolved,2026-09-25T07:06:13.779897+00:00,5,live_wire|near_school,1,0,test
SYN00135,C025,"Someone has damaged the park benches at Baner petrol pump, this is very dangerous",en,other,W10,18.552202,73.786175,near Baner petrol pump,2026-09-22T22:59:22.275928+00:00,resolved,2026-09-22T12:25:33.469890+00:00,3,,0,0,train
SYN00407,S154,"Hinjewadi school ke paas nali puri jam hai aur overflow ho rahi hai, kai din se paani bhara hai, school ke bilkul paas",hinglish,drainage_sewage,W12,18.601777,73.745895,in Hinjewadi,2026-09-22T23:02:33.393232+00:00,resolved,2026-09-24T16:42:21.055586+00:00,4,flooding|near_school,0,0,train
SYN00385,S274,"वारजे सोसायटी येथे पथदिवा आठवडाभरापासून बंद आहे, उघडी वीज तार लोंबकळत आहे, कृपया लवकर दुरुस्त करा",mr,streetlight,W04,18.498248,73.791744,in Warje,2026-09-23T00:42:53.376640+00:00,resolved,2026-09-25T10:07:06.459764+00:00,5,live_wire,0,0,train
SYN00349,C005,"Baner garden ke paas road pe gandha pani beh raha hai, machhar aur bimari fail rahi hai, kai din se paani bhara hai, ye bahut khatarnak hai",hinglish,drainage_sewage,W10,18.556239,73.788123,in Baner,2026-09-23T00:59:34.383598+00:00,open,,4,health_risk|flooding,0,0,train
SYN00047,S213,"Hawkers have encroached the footpath opposite Wakad petrol pump, two accidents have already happened, this is very dangerous",en,encroachment_illegal_parking,W11,18.613086,73.769045,near Wakad petrol pump,2026-09-23T02:11:26.081780+00:00,resolved,2026-09-24T22:58:04.758088+00:00,4,accident_risk,1,0,test
SYN00046,S209,"हडपसर पुल के सामने कई दिनों से कचरा नहीं उठाया गया, मच्छर और बीमारी फैल रही है, दो हफ्ते से ऐसा ही है",hi,garbage_waste,W07,18.498736,73.930522,in Hadapsar,2026-09-23T04:14:27.748929+00:00,resolved,2026-09-25T09:49:06.081624+00:00,4,health_risk,0,0,test
SYN00333,S137,"औंध मंदिर जवळ झाडाची मोठी फांदी पडण्याच्या बेतात आहे, शाळेच्या अगदी जवळ",mr,tree_fall_hazard,W09,18.568959,73.825427,at Aundh temple,2026-09-23T15:17:28.072783+00:00,resolved,2026-09-25T19:28:12.382938+00:00,3,near_school,0,0,train
SYN00241,S123,Hinjewadi chowk ke paas road pe bada gaddha hai,hinglish,pothole_road,W12,18.594918,73.7593,at Hinjewadi chowk,2026-09-23T15:50:45.202385+00:00,resolved,2026-09-25T22:22:54.767620+00:00,3,,0,0,train
SYN00304,S200,"Katraj me kai din se kachra nahi uthaya, school ke bilkul paas, kripya jaldi theek karo",hinglish,garbage_waste,W05,18.449547,73.863579,near Katraj garden,2026-09-23T16:00:32.134062+00:00,open,,3,near_school,1,0,train
SYN00024,S235,"हिंजवडी शाळा समोर गटार पूर्ण तुंबले आहे आणि वाहत आहे, डास आणि आजार पसरत आहेत, हे खूप धोकादायक आहे",mr,drainage_sewage,W12,18.613804,73.735057,at Hinjewadi school,2026-09-23T23:26:31.487424+00:00,open,,3,health_risk,0,0,test
SYN00023,C033,"Manhole cover near Kondhwa bridge is missing, it is very dangerous, water has been logged for days, the manhole cover is missing, it has been like this for two weeks Vehicle MH12PU3517.",en,drainage_sewage,W06,18.481224,73.885324,opposite Kondhwa bridge,2026-09-24T00:25:13.979557+00:00,open,,5,flooding|open_manhole,1,1,test
SYN00224,S126,"हडपसर मंदिर येथे तीन दिवसांपासून पाणी येत नाही, रुग्णालयाच्या बाहेरच",mr,water_supply,W07,18.491951,73.915066,in Hadapsar,2026-09-24T01:08:48.965885+00:00,open,,3,near_hospital,0,0,train
SYN00376,S221,"कोथरूड शाळा जवळ कित्येक दिवसांपासून कचरा उचलला नाही, शाळेच्या अगदी जवळ, हे खूप धोकादायक आहे",mr,garbage_waste,W03,18.524435,73.792929,near Kothrud school,2026-09-24T01:26:57.207244+00:00,resolved,2026-09-25T05:01:40.715115+00:00,3,near_school,1,0,train
SYN00116,C029,"औंध सोसायटी के पास सड़क पर गंदा पानी बह रहा है, मैनहोल का ढक्कन गायब है, दो हफ्ते से ऐसा ही है",hi,drainage_sewage,W09,18.558681,73.813508,opposite Aundh society,2026-09-24T02:55:55.717046+00:00,resolved,2026-09-22T13:11:15.123397+00:00,5,open_manhole,0,0,train
SYN00270,S046,"स्वारगेट डेअरी के पास तीन दिन से पानी नहीं आ रहा, अस्पताल के ठीक बाहर",hi,water_supply,W02,18.500239,73.868876,near Swargate dairy,2026-09-24T02:57:37.408369+00:00,resolved,2026-09-26T10:00:36.797975+00:00,3,near_hospital,0,0,train
SYN00115,C029,"Aundh me manhole ka dhakkan nahi hai, bahut khatarnak, manhole ka dhakkan gayab hai",hinglish,drainage_sewage,W09,18.558771,73.8133,opposite Aundh society,2026-09-24T04:54:00.955932+00:00,resolved,2026-09-22T13:11:15.123397+00:00,5,open_manhole,0,0,train
SYN00217,S043,A large tree branch opposite Shivajinagar garden is about to fall,en,tree_fall_hazard,W01,18.541161,73.865186,near Shivajinagar garden,2026-09-24T07:33:04.076525+00:00,resolved,2026-09-25T07:54:05.506576+00:00,2,,0,0,train
SYN00228,S245,"वारजे उद्यान येथे कित्येक दिवसांपासून कचरा उचलला नाही, रुग्णालयाच्या बाहेरच, डास आणि आजार पसरत आहेत, दोन आठवड्यांपासून असेच आहे",mr,garbage_waste,W04,18.495379,73.792191,near Warje garden,2026-09-24T09:27:42.682618+00:00,open,,3,near_hospital|health_risk,0,0,train
SYN00163,S079,"There is a big pothole on the road at Kothrud school, right next to the school, please fix it urgently Vehicle MH12VH2528.",en,pothole_road,W03,18.501554,73.807902,in Kothrud,2026-09-24T12:15:21.822252+00:00,resolved,2026-09-26T08:07:40.627967+00:00,3,near_school,1,1,train
SYN00220,S036,"येरवडा सोसायटी येथे कित्येक दिवसांपासून कचरा उचलला नाही, शाळेच्या अगदी जवळ, हे खूप धोकादायक आहे",mr,garbage_waste,W08,18.542148,73.88145,at Yerawada society,2026-09-24T12:54:15.407131+00:00,resolved,2026-09-26T08:59:43.713534+00:00,2,near_school,0,0,train
SYN00402,S063,"The public toilet near Katraj bridge has been locked for weeks, it has been like this for two weeks",en,other,W05,18.447006,73.876547,opposite Katraj bridge,2026-09-24T14:27:09.562463+00:00,open,,3,,0,0,train
SYN00309,C030,There is a big pothole on the road opposite Hadapsar dairy,en,pothole_road,W07,18.50138,73.920862,near Hadapsar dairy,2026-09-24T15:05:03.934697+00:00,resolved,2026-09-24T22:04:32.172884+00:00,3,,0,0,train
SYN00286,C008,"हडपसर मार्केट पर पेड़ की बड़ी शाखा गिरने वाली है, खुला बिजली का तार लटक रहा है, यह बहुत खतरनाक है",hi,tree_fall_hazard,W07,18.506245,73.929999,near Hadapsar market,2026-09-24T19:18:39.475989+00:00,resolved,2026-09-26T08:39:58.506309+00:00,5,live_wire,0,0,train
SYN00308,S238,"Hadapsar bridge ke saamne stray dogs bacchon ke peeche bhagte hain, school ke bilkul paas, kripya jaldi theek karo",hinglish,stray_animals,W07,18.511528,73.942831,in Hadapsar,2026-09-24T20:52:35.780752+00:00,resolved,2026-09-26T08:29:50.813865+00:00,2,near_school,1,0,train
SYN00258,S280,"वाकड बस थांबा समोर रस्त्यावर मोठा खड्डा आहे, दोन अपघात झाले आहेत, हे खूप धोकादायक आहे",mr,pothole_road,W11,18.606068,73.776538,near Wakad bus stop,2026-09-24T21:17:42.459930+00:00,open,,4,accident_risk,0,0,train
SYN00094,C023,"हडपसर सोसायटी जवळ झाडाची मोठी फांदी पडण्याच्या बेतात आहे, उघडी वीज तार लोंबकळत आहे",mr,tree_fall_hazard,W07,18.503988,73.931128,opposite Hadapsar society,2026-09-25T00:56:47.620286+00:00,open,,5,live_wire,1,0,test
SYN00316,C018,"वारजे उद्यान के पास नाला कचरे से भरा है, दो हफ्ते से ऐसा ही है",hi,drainage_sewage,W04,18.468337,73.811796,opposite Warje garden,2026-09-25T05:13:16.211550+00:00,resolved,2026-09-21T07:35:06.487638+00:00,3,,0,0,train
SYN00096,C023,"A dangerous leaning tree at Hadapsar society needs trimming, an open electric wire is hanging there, it has been like this for two weeks",en,tree_fall_hazard,W07,18.504664,73.930921,near Hadapsar society,2026-09-25T06:44:57.592304+00:00,open,,5,live_wire,0,0,test
SYN00143,S168,"औंध पुल के पास तीन दिन से पानी नहीं आ रहा, अस्पताल के ठीक बाहर, कृपया जल्दी ठीक कराइए",hi,water_supply,W09,18.558524,73.79473,near Aundh bridge,2026-09-25T07:28:54.996660+00:00,resolved,2026-09-26T04:22:39.017553+00:00,4,near_hospital,0,0,train
SYN00203,C028,"येरवडा सोसायटी येथे रोज रात्री लोक कचरा टाकत आहेत, रुग्णालयाच्या बाहेरच, डास आणि आजार पसरत आहेत, हे खूप धोकादायक आहे",mr,garbage_waste,W08,18.561666,73.867989,opposite Yerawada society,2026-09-25T08:07:35.094068+00:00,open,,2,near_hospital|health_risk,0,0,train
SYN00070,S179,"औंध पेट्रोल पंप येथे गटार पूर्ण तुंबले आहे आणि वाहत आहे, शाळेच्या अगदी जवळ, कित्येक दिवस पाणी साचले आहे, हे खूप धोकादायक आहे",mr,drainage_sewage,W09,18.558854,73.818056,at Aundh petrol pump,2026-09-25T09:07:07.456155+00:00,open,,4,near_school|flooding,1,0,test
SYN00170,S065,"बाणेर पेट्रोल पंप के पास कई दिनों से कचरा नहीं उठाया गया, अस्पताल के ठीक बाहर, दो हफ्ते से ऐसा ही है",hi,garbage_waste,W10,18.567721,73.813209,at Baner petrol pump,2026-09-25T13:32:11.000139+00:00,resolved,2026-09-26T03:58:37.972440+00:00,3,near_hospital,1,0,train
SYN00289,C008,"Tree branches in Hadapsar are touching the electric wires, an open electric wire is hanging there, this is very dangerous",en,tree_fall_hazard,W07,18.506872,73.929801,near Hadapsar market,2026-09-26T06:17:09.664871+00:00,resolved,2026-09-26T08:39:58.506309+00:00,5,live_wire,0,0,train
SYN00190,C026,"येरवडा शाळा समोर रस्त्यावर मोठा खड्डा आहे, दोन अपघात झाले आहेत, कित्येक दिवस पाणी साचले आहे, कृपया लवकर दुरुस्त करा",mr,pothole_road,W08,18.566175,73.871915,at Yerawada school,2026-09-26T09:15:14.622270+00:00,open,,4,accident_risk|flooding,0,0,train
SYN00310,C030,"हडपसर डेअरी जवळ खोल खड्डा आहे, दुचाकी घसरत आहेत, दोन आठवड्यांपासून असेच आहे",mr,pothole_road,W07,18.501434,73.920921,at Hadapsar dairy,2026-09-26T09:55:33.995293+00:00,resolved,2026-09-24T22:04:32.172884+00:00,3,,0,0,train
SYN00287,C008,"हडपसर मध्ये पावसात झाड पडले, रस्ता बंद आहे, उघडी वीज तार लोंबकळत आहे, हे खूप धोकादायक आहे",mr,tree_fall_hazard,W07,18.506988,73.930068,opposite Hadapsar market,2026-09-26T10:02:21.830987+00:00,resolved,2026-09-26T08:39:58.506309+00:00,5,live_wire,0,0,train
SYN00095,C023,"हडपसर सोसायटी के पास बारिश में पेड़ गिर गया, रास्ता बंद है, खुला बिजली का तार लटक रहा है, यह बहुत खतरनाक है",hi,tree_fall_hazard,W07,18.504284,73.931064,near Hadapsar society,2026-09-26T10:02:35.017418+00:00,open,,5,live_wire,0,0,test
SYN00317,C018,"The drain near Warje garden is completely blocked and overflowing, please fix it urgently",en,drainage_sewage,W04,18.468273,73.81205,in Warje,2026-09-26T10:06:13.099371+00:00,resolved,2026-09-21T07:35:06.487638+00:00,3,,0,0,train
SYN00318,C018,"वारजे उद्यान समोर मॅनहोलचे झाकण नाही, खूप धोकादायक आहे, दोन आठवड्यांपासून असेच आहे",mr,drainage_sewage,W04,18.468339,73.812318,near Warje garden,2026-09-26T10:21:49.032203+00:00,resolved,2026-09-21T07:35:06.487638+00:00,3,,1,0,train
SYN00288,C008,"Hadapsar market ke paas jhuka hua ped khatarnak hai, khula bijli ka taar latak raha hai, ye bahut khatarnak hai",hinglish,tree_fall_hazard,W07,18.506419,73.930254,near Hadapsar market,2026-09-26T10:29:17.194394+00:00,resolved,2026-09-26T08:39:58.506309+00:00,5,live_wire,0,0,train
SYN00189,C026,"येरवडा में सड़क पर गड्ढों की वजह से चलना मुश्किल है, दो हादसे हो चुके हैं, कई दिनों से पानी भरा है",hi,pothole_road,W08,18.566849,73.872463,opposite Yerawada school,2026-09-26T10:35:45.591063+00:00,open,,4,accident_risk|flooding,0,0,train
